/*
SQLyog Enterprise v12.09 (64 bit)
MySQL - 8.0.30 : Database - yearbook
*********************************************************************
*/

/*!40101 SET NAMES utf8 */;

/*!40101 SET SQL_MODE=''*/;

/*!40014 SET @OLD_UNIQUE_CHECKS=@@UNIQUE_CHECKS, UNIQUE_CHECKS=0 */;
/*!40014 SET @OLD_FOREIGN_KEY_CHECKS=@@FOREIGN_KEY_CHECKS, FOREIGN_KEY_CHECKS=0 */;
/*!40101 SET @OLD_SQL_MODE=@@SQL_MODE, SQL_MODE='NO_AUTO_VALUE_ON_ZERO' */;
/*!40111 SET @OLD_SQL_NOTES=@@SQL_NOTES, SQL_NOTES=0 */;
CREATE DATABASE /*!32312 IF NOT EXISTS*/`yearbook` /*!40100 DEFAULT CHARACTER SET utf8mb4 COLLATE utf8mb4_0900_ai_ci */ /*!80016 DEFAULT ENCRYPTION='N' */;

USE `yearbook`;

/*Table structure for table `gen_table` */

DROP TABLE IF EXISTS `gen_table`;

CREATE TABLE `gen_table` (
  `table_id` bigint NOT NULL AUTO_INCREMENT COMMENT '编号',
  `table_name` varchar(200) DEFAULT '' COMMENT '表名称',
  `table_comment` varchar(500) DEFAULT '' COMMENT '表描述',
  `sub_table_name` varchar(64) DEFAULT NULL COMMENT '关联子表的表名',
  `sub_table_fk_name` varchar(64) DEFAULT NULL COMMENT '子表关联的外键名',
  `class_name` varchar(100) DEFAULT '' COMMENT '实体类名称',
  `tpl_category` varchar(200) DEFAULT 'crud' COMMENT '使用的模板（crud单表操作 tree树表操作）',
  `tpl_web_type` varchar(30) DEFAULT '' COMMENT '前端模板类型（element-ui模版 element-plus模版）',
  `package_name` varchar(100) DEFAULT NULL COMMENT '生成包路径',
  `module_name` varchar(30) DEFAULT NULL COMMENT '生成模块名',
  `business_name` varchar(30) DEFAULT NULL COMMENT '生成业务名',
  `function_name` varchar(50) DEFAULT NULL COMMENT '生成功能名',
  `function_author` varchar(50) DEFAULT NULL COMMENT '生成功能作者',
  `gen_type` char(1) DEFAULT '0' COMMENT '生成代码方式（0zip压缩包 1自定义路径）',
  `gen_path` varchar(200) DEFAULT '/' COMMENT '生成路径（不填默认项目路径）',
  `options` varchar(1000) DEFAULT NULL COMMENT '其它生成选项',
  `create_by` varchar(64) DEFAULT '' COMMENT '创建者',
  `create_time` datetime DEFAULT NULL COMMENT '创建时间',
  `update_by` varchar(64) DEFAULT '' COMMENT '更新者',
  `update_time` datetime DEFAULT NULL COMMENT '更新时间',
  `remark` varchar(500) DEFAULT NULL COMMENT '备注',
  PRIMARY KEY (`table_id`)
) ENGINE=InnoDB AUTO_INCREMENT=4 DEFAULT CHARSET=utf8mb4 COLLATE=utf8mb4_0900_ai_ci COMMENT='代码生成业务表';

/*Data for the table `gen_table` */

insert  into `gen_table`(`table_id`,`table_name`,`table_comment`,`sub_table_name`,`sub_table_fk_name`,`class_name`,`tpl_category`,`tpl_web_type`,`package_name`,`module_name`,`business_name`,`function_name`,`function_author`,`gen_type`,`gen_path`,`options`,`create_by`,`create_time`,`update_by`,`update_time`,`remark`) values (1,'yearbook_classmate','同学信息表',NULL,NULL,'Classmate','crud','element-ui','com.ruoyi.yearbook','yearbook','classmate','同学','ruoyi','0','/','{\"parentMenuId\":\"2001\"}','admin','2024-03-30 14:54:44','','2024-03-30 15:38:50',NULL),(2,'yearbook_tagboard','留言信息表',NULL,NULL,'Tagboard','crud','element-ui','com.ruoyi.yearbook','yearbook','tagboard','留言条','ruoyi','0','/','{\"parentMenuId\":\"2002\"}','admin','2024-03-30 16:07:09','','2024-03-30 16:41:06',NULL),(3,'yearbook_topic','话题信息表',NULL,NULL,'Topic','crud','element-ui','com.ruoyi.yearbook','yearbook','topic','话题','ruoyi','0','/','{\"parentMenuId\":2003}','admin','2024-04-10 12:21:44','','2024-04-10 13:06:13',NULL);

/*Table structure for table `gen_table_column` */

DROP TABLE IF EXISTS `gen_table_column`;

CREATE TABLE `gen_table_column` (
  `column_id` bigint NOT NULL AUTO_INCREMENT COMMENT '编号',
  `table_id` bigint DEFAULT NULL COMMENT '归属表编号',
  `column_name` varchar(200) DEFAULT NULL COMMENT '列名称',
  `column_comment` varchar(500) DEFAULT NULL COMMENT '列描述',
  `column_type` varchar(100) DEFAULT NULL COMMENT '列类型',
  `java_type` varchar(500) DEFAULT NULL COMMENT 'JAVA类型',
  `java_field` varchar(200) DEFAULT NULL COMMENT 'JAVA字段名',
  `is_pk` char(1) DEFAULT NULL COMMENT '是否主键（1是）',
  `is_increment` char(1) DEFAULT NULL COMMENT '是否自增（1是）',
  `is_required` char(1) DEFAULT NULL COMMENT '是否必填（1是）',
  `is_insert` char(1) DEFAULT NULL COMMENT '是否为插入字段（1是）',
  `is_edit` char(1) DEFAULT NULL COMMENT '是否编辑字段（1是）',
  `is_list` char(1) DEFAULT NULL COMMENT '是否列表字段（1是）',
  `is_query` char(1) DEFAULT NULL COMMENT '是否查询字段（1是）',
  `query_type` varchar(200) DEFAULT 'EQ' COMMENT '查询方式（等于、不等于、大于、小于、范围）',
  `html_type` varchar(200) DEFAULT NULL COMMENT '显示类型（文本框、文本域、下拉框、复选框、单选框、日期控件）',
  `dict_type` varchar(200) DEFAULT '' COMMENT '字典类型',
  `sort` int DEFAULT NULL COMMENT '排序',
  `create_by` varchar(64) DEFAULT '' COMMENT '创建者',
  `create_time` datetime DEFAULT NULL COMMENT '创建时间',
  `update_by` varchar(64) DEFAULT '' COMMENT '更新者',
  `update_time` datetime DEFAULT NULL COMMENT '更新时间',
  PRIMARY KEY (`column_id`)
) ENGINE=InnoDB AUTO_INCREMENT=33 DEFAULT CHARSET=utf8mb4 COLLATE=utf8mb4_0900_ai_ci COMMENT='代码生成业务表字段';

/*Data for the table `gen_table_column` */

insert  into `gen_table_column`(`column_id`,`table_id`,`column_name`,`column_comment`,`column_type`,`java_type`,`java_field`,`is_pk`,`is_increment`,`is_required`,`is_insert`,`is_edit`,`is_list`,`is_query`,`query_type`,`html_type`,`dict_type`,`sort`,`create_by`,`create_time`,`update_by`,`update_time`) values (1,1,'id','ID','int','Integer','id','1','0','0','1','1','1','1','LIKE','input','',1,'admin','2024-03-30 14:54:44','','2024-03-30 15:38:50'),(2,1,'password','密码','varchar(16)','String','password','0','0','0','0','0','0','0','EQ','input','',2,'admin','2024-03-30 14:54:44','','2024-03-30 15:38:50'),(3,1,'name','姓名','varchar(10)','String','name','0','0','1','1','1','1','1','LIKE','input','',3,'admin','2024-03-30 14:54:44','','2024-03-30 15:38:50'),(4,1,'nickname','昵称','varchar(10)','String','nickname','0','0','0','0','0','1','1','LIKE','input','',4,'admin','2024-03-30 14:54:44','','2024-03-30 15:38:50'),(5,1,'gender','性别','char(1)','String','gender','0','0','0','1','1','1','1','EQ','select','sys_user_sex',5,'admin','2024-03-30 14:54:44','','2024-03-30 15:38:50'),(6,1,'birthday','生日','date','Date','birthday','0','0','0','0','0','0','0','EQ','datetime','',6,'admin','2024-03-30 14:54:44','','2024-03-30 15:38:50'),(7,1,'sign','个性签名','varchar(30)','String','sign','0','0','0','0','0','0','0','EQ','input','',7,'admin','2024-03-30 14:54:44','','2024-03-30 15:38:50'),(8,1,'hobby','兴趣爱好','varchar(200)','String','hobby','0','0','0','0','0','0','0','EQ','input','',8,'admin','2024-03-30 14:54:44','','2024-03-30 15:38:50'),(9,1,'message','自我介绍','varchar(200)','String','message','0','0','0','0','0','0','0','EQ','input','',9,'admin','2024-03-30 14:54:44','','2024-03-30 15:38:50'),(10,1,'profile','头像','varchar(100)','String','profile','0','0','0','0','0','0','0','EQ','fileUpload','',10,'admin','2024-03-30 14:54:44','','2024-03-30 15:38:50'),(11,1,'address','联系地址','varchar(20)','String','address','0','0','0','1','1','1','0','EQ','input','',11,'admin','2024-03-30 14:54:44','','2024-03-30 15:38:50'),(12,1,'qq','QQ','varchar(20)','String','qq','0','0','0','0','0','0','0','EQ','input','',12,'admin','2024-03-30 14:54:44','','2024-03-30 15:38:50'),(13,1,'wechat','微信','varchar(20)','String','wechat','0','0','0','0','0','0','0','EQ','input','',13,'admin','2024-03-30 14:54:44','','2024-03-30 15:38:50'),(14,1,'phone','联系电话','varchar(20)','String','phone','0','0','0','1','1','1','0','EQ','input','',14,'admin','2024-03-30 14:54:44','','2024-03-30 15:38:50'),(15,1,'email','电子邮箱','varchar(20)','String','email','0','0','0','0','0','0','0','EQ','input','',15,'admin','2024-03-30 14:54:44','','2024-03-30 15:38:50'),(16,1,'video','视频地址','varchar(100)','String','video','0','0','0','0','0','0','0','EQ','input','',16,'admin','2024-03-30 14:54:44','','2024-03-30 15:38:50'),(17,2,'id','留言ID','int','Integer','id','1','1','0','1','1','1','1','EQ','input','',1,'admin','2024-03-30 16:07:09','','2024-03-30 16:41:06'),(18,2,'classId','班级ID','int','Integer','classId','0','0','0','1','1','0','0','EQ','input','',2,'admin','2024-03-30 16:07:09','','2024-03-30 16:41:06'),(19,2,'classmateId','创建者ID','int','Integer','classmateId','0','0','0','1','1','0','0','EQ','input','',3,'admin','2024-03-30 16:07:09','','2024-03-30 16:41:06'),(20,2,'message','留言内容','varchar(100)','String','message','0','0','0','1','1','1','1','LIKE','input','',4,'admin','2024-03-30 16:07:09','','2024-03-30 16:41:06'),(21,2,'tagStyle','纸条样式','varchar(10)','String','tagStyle','0','0','0','1','1','1','0','EQ','select','sys_tag_color',5,'admin','2024-03-30 16:07:09','','2024-03-30 16:41:06'),(22,2,'createBy','创建者','varchar(10)','String','createBy','0','0','0','0','0','1','1','LIKE','input','',6,'admin','2024-03-30 16:07:09','','2024-03-30 16:41:06'),(23,2,'createTime','创建时间','datetime','Date','createTime','0','0','0','0','0','1','1','BETWEEN','datetime','',7,'admin','2024-03-30 16:07:09','','2024-03-30 16:41:06'),(24,3,'id','话题ID','int','Integer','id','0','1','0','1','1','1','1','EQ','input','',1,'admin','2024-04-10 12:21:44','','2024-04-10 13:06:13'),(25,3,'classId','班级ID','int','Integer','classId','0','0','0','1','1','0','0','EQ','input','',2,'admin','2024-04-10 12:21:44','','2024-04-10 13:06:13'),(26,3,'classmateId','创建者ID','int','Integer','classmateId','0','0','0','1','1','0','0','EQ','input','',3,'admin','2024-04-10 12:21:44','','2024-04-10 13:06:13'),(27,3,'title','标题','varchar(100)','String','title','0','0','0','1','1','1','1','LIKE','input','',4,'admin','2024-04-10 12:21:44','','2024-04-10 13:06:13'),(28,3,'subtitle','话题描述','varchar(100)','String','subtitle','0','0','0','1','1','0','0','EQ','input','',5,'admin','2024-04-10 12:21:44','','2024-04-10 13:06:13'),(29,3,'type','分类','varchar(10)','String','type','0','0','0','1','1','1','1','EQ','select','sys_topic_type',6,'admin','2024-04-10 12:21:44','','2024-04-10 13:06:13'),(30,3,'cover','封面','varchar(100)','String','cover','0','0','0','0','0','0','0','EQ','input','',7,'admin','2024-04-10 12:21:44','','2024-04-10 13:06:13'),(31,3,'createBy','创建者','varchar(100)','String','createBy','0','0','0','0','0','1','1','EQ','input','',8,'admin','2024-04-10 12:21:44','','2024-04-10 13:06:13'),(32,3,'createTime','创建时间','datetime','Date','createTime','0','0','0','0','0','1','1','BETWEEN','datetime','',9,'admin','2024-04-10 12:21:44','','2024-04-10 13:06:13');

/*Table structure for table `sys_config` */

DROP TABLE IF EXISTS `sys_config`;

CREATE TABLE `sys_config` (
  `config_id` int NOT NULL AUTO_INCREMENT COMMENT '参数主键',
  `config_name` varchar(100) DEFAULT '' COMMENT '参数名称',
  `config_key` varchar(100) DEFAULT '' COMMENT '参数键名',
  `config_value` varchar(500) DEFAULT '' COMMENT '参数键值',
  `config_type` char(1) DEFAULT 'N' COMMENT '系统内置（Y是 N否）',
  `create_by` varchar(64) DEFAULT '' COMMENT '创建者',
  `create_time` datetime DEFAULT NULL COMMENT '创建时间',
  `update_by` varchar(64) DEFAULT '' COMMENT '更新者',
  `update_time` datetime DEFAULT NULL COMMENT '更新时间',
  `remark` varchar(500) DEFAULT NULL COMMENT '备注',
  PRIMARY KEY (`config_id`)
) ENGINE=InnoDB AUTO_INCREMENT=100 DEFAULT CHARSET=utf8mb4 COLLATE=utf8mb4_0900_ai_ci COMMENT='参数配置表';

/*Data for the table `sys_config` */

insert  into `sys_config`(`config_id`,`config_name`,`config_key`,`config_value`,`config_type`,`create_by`,`create_time`,`update_by`,`update_time`,`remark`) values (1,'主框架页-默认皮肤样式名称','sys.index.skinName','skin-blue','Y','admin','2024-03-28 16:13:38','',NULL,'蓝色 skin-blue、绿色 skin-green、紫色 skin-purple、红色 skin-red、黄色 skin-yellow'),(2,'用户管理-账号初始密码','sys.user.initPassword','123456','Y','admin','2024-03-28 16:13:38','',NULL,'初始化密码 123456'),(3,'主框架页-侧边栏主题','sys.index.sideTheme','theme-dark','Y','admin','2024-03-28 16:13:38','',NULL,'深色主题theme-dark，浅色主题theme-light'),(4,'账号自助-验证码开关','sys.account.captchaEnabled','true','Y','admin','2024-03-28 16:13:38','',NULL,'是否开启验证码功能（true开启，false关闭）'),(5,'账号自助-是否开启用户注册功能','sys.account.registerUser','true','Y','admin','2024-03-28 16:13:38','admin','2024-04-23 19:41:36','是否开启注册用户功能（true开启，false关闭）'),(6,'用户登录-黑名单列表','sys.login.blackIPList','','Y','admin','2024-03-28 16:13:38','',NULL,'设置登录IP黑名单限制，多个匹配项以;分隔，支持匹配（*通配、网段）');

/*Table structure for table `sys_dept` */

DROP TABLE IF EXISTS `sys_dept`;

CREATE TABLE `sys_dept` (
  `dept_id` bigint NOT NULL AUTO_INCREMENT COMMENT '部门id',
  `parent_id` bigint DEFAULT '0' COMMENT '父部门id',
  `ancestors` varchar(50) DEFAULT '' COMMENT '祖级列表',
  `dept_name` varchar(30) DEFAULT '' COMMENT '部门名称',
  `order_num` int DEFAULT '0' COMMENT '显示顺序',
  `leader` varchar(20) DEFAULT NULL COMMENT '负责人',
  `phone` varchar(11) DEFAULT NULL COMMENT '联系电话',
  `email` varchar(50) DEFAULT NULL COMMENT '邮箱',
  `status` char(1) DEFAULT '0' COMMENT '部门状态（0正常 1停用）',
  `del_flag` char(1) DEFAULT '0' COMMENT '删除标志（0代表存在 2代表删除）',
  `create_by` varchar(64) DEFAULT '' COMMENT '创建者',
  `create_time` datetime DEFAULT NULL COMMENT '创建时间',
  `update_by` varchar(64) DEFAULT '' COMMENT '更新者',
  `update_time` datetime DEFAULT NULL COMMENT '更新时间',
  PRIMARY KEY (`dept_id`)
) ENGINE=InnoDB AUTO_INCREMENT=200 DEFAULT CHARSET=utf8mb4 COLLATE=utf8mb4_0900_ai_ci COMMENT='部门表';

/*Data for the table `sys_dept` */

insert  into `sys_dept`(`dept_id`,`parent_id`,`ancestors`,`dept_name`,`order_num`,`leader`,`phone`,`email`,`status`,`del_flag`,`create_by`,`create_time`,`update_by`,`update_time`) values (100,0,'0','若依科技',0,'若依','15888888888','ry@qq.com','0','0','admin','2024-03-28 16:13:36','',NULL),(101,100,'0,100','深圳总公司',1,'若依','15888888888','ry@qq.com','0','0','admin','2024-03-28 16:13:36','',NULL),(102,100,'0,100','长沙分公司',2,'若依','15888888888','ry@qq.com','0','0','admin','2024-03-28 16:13:36','',NULL),(103,101,'0,100,101','研发部门',1,'若依','15888888888','ry@qq.com','0','0','admin','2024-03-28 16:13:36','',NULL),(104,101,'0,100,101','市场部门',2,'若依','15888888888','ry@qq.com','0','0','admin','2024-03-28 16:13:36','',NULL),(105,101,'0,100,101','测试部门',3,'若依','15888888888','ry@qq.com','0','0','admin','2024-03-28 16:13:36','',NULL),(106,101,'0,100,101','财务部门',4,'若依','15888888888','ry@qq.com','0','0','admin','2024-03-28 16:13:36','',NULL),(107,101,'0,100,101','运维部门',5,'若依','15888888888','ry@qq.com','0','0','admin','2024-03-28 16:13:36','',NULL),(108,102,'0,100,102','市场部门',1,'若依','15888888888','ry@qq.com','0','0','admin','2024-03-28 16:13:36','',NULL),(109,102,'0,100,102','财务部门',2,'若依','15888888888','ry@qq.com','0','0','admin','2024-03-28 16:13:36','',NULL);

/*Table structure for table `sys_dict_data` */

DROP TABLE IF EXISTS `sys_dict_data`;

CREATE TABLE `sys_dict_data` (
  `dict_code` bigint NOT NULL AUTO_INCREMENT COMMENT '字典编码',
  `dict_sort` int DEFAULT '0' COMMENT '字典排序',
  `dict_label` varchar(100) DEFAULT '' COMMENT '字典标签',
  `dict_value` varchar(100) DEFAULT '' COMMENT '字典键值',
  `dict_type` varchar(100) DEFAULT '' COMMENT '字典类型',
  `css_class` varchar(100) DEFAULT NULL COMMENT '样式属性（其他样式扩展）',
  `list_class` varchar(100) DEFAULT NULL COMMENT '表格回显样式',
  `is_default` char(1) DEFAULT 'N' COMMENT '是否默认（Y是 N否）',
  `status` char(1) DEFAULT '0' COMMENT '状态（0正常 1停用）',
  `create_by` varchar(64) DEFAULT '' COMMENT '创建者',
  `create_time` datetime DEFAULT NULL COMMENT '创建时间',
  `update_by` varchar(64) DEFAULT '' COMMENT '更新者',
  `update_time` datetime DEFAULT NULL COMMENT '更新时间',
  `remark` varchar(500) DEFAULT NULL COMMENT '备注',
  PRIMARY KEY (`dict_code`)
) ENGINE=InnoDB AUTO_INCREMENT=115 DEFAULT CHARSET=utf8mb4 COLLATE=utf8mb4_0900_ai_ci COMMENT='字典数据表';

/*Data for the table `sys_dict_data` */

insert  into `sys_dict_data`(`dict_code`,`dict_sort`,`dict_label`,`dict_value`,`dict_type`,`css_class`,`list_class`,`is_default`,`status`,`create_by`,`create_time`,`update_by`,`update_time`,`remark`) values (1,1,'男','男','sys_user_sex','','','Y','0','admin','2024-03-28 16:13:37','admin','2024-03-30 14:59:04','性别男'),(2,2,'女','女','sys_user_sex','','','N','0','admin','2024-03-28 16:13:37','admin','2024-03-30 14:59:13','性别女'),(4,1,'显示','0','sys_show_hide','','primary','Y','0','admin','2024-03-28 16:13:37','',NULL,'显示菜单'),(5,2,'隐藏','1','sys_show_hide','','danger','N','0','admin','2024-03-28 16:13:37','',NULL,'隐藏菜单'),(6,1,'正常','0','sys_normal_disable','','primary','Y','0','admin','2024-03-28 16:13:37','',NULL,'正常状态'),(7,2,'停用','1','sys_normal_disable','','danger','N','0','admin','2024-03-28 16:13:37','',NULL,'停用状态'),(8,1,'正常','0','sys_job_status','','primary','Y','0','admin','2024-03-28 16:13:37','',NULL,'正常状态'),(9,2,'暂停','1','sys_job_status','','danger','N','0','admin','2024-03-28 16:13:37','',NULL,'停用状态'),(10,1,'默认','DEFAULT','sys_job_group','','','Y','0','admin','2024-03-28 16:13:37','',NULL,'默认分组'),(11,2,'系统','SYSTEM','sys_job_group','','','N','0','admin','2024-03-28 16:13:37','',NULL,'系统分组'),(12,1,'是','Y','sys_yes_no','','primary','Y','0','admin','2024-03-28 16:13:37','',NULL,'系统默认是'),(13,2,'否','N','sys_yes_no','','danger','N','0','admin','2024-03-28 16:13:37','',NULL,'系统默认否'),(14,1,'通知','1','sys_notice_type','','warning','Y','0','admin','2024-03-28 16:13:37','',NULL,'通知'),(15,2,'公告','2','sys_notice_type','','success','N','0','admin','2024-03-28 16:13:37','',NULL,'公告'),(16,1,'正常','0','sys_notice_status','','primary','Y','0','admin','2024-03-28 16:13:37','',NULL,'正常状态'),(17,2,'关闭','1','sys_notice_status','','danger','N','0','admin','2024-03-28 16:13:37','',NULL,'关闭状态'),(18,99,'其他','0','sys_oper_type','','info','N','0','admin','2024-03-28 16:13:37','',NULL,'其他操作'),(19,1,'新增','1','sys_oper_type','','info','N','0','admin','2024-03-28 16:13:37','',NULL,'新增操作'),(20,2,'修改','2','sys_oper_type','','info','N','0','admin','2024-03-28 16:13:37','',NULL,'修改操作'),(21,3,'删除','3','sys_oper_type','','danger','N','0','admin','2024-03-28 16:13:37','',NULL,'删除操作'),(22,4,'授权','4','sys_oper_type','','primary','N','0','admin','2024-03-28 16:13:37','',NULL,'授权操作'),(23,5,'导出','5','sys_oper_type','','warning','N','0','admin','2024-03-28 16:13:37','',NULL,'导出操作'),(24,6,'导入','6','sys_oper_type','','warning','N','0','admin','2024-03-28 16:13:37','',NULL,'导入操作'),(25,7,'强退','7','sys_oper_type','','danger','N','0','admin','2024-03-28 16:13:37','',NULL,'强退操作'),(26,8,'生成代码','8','sys_oper_type','','warning','N','0','admin','2024-03-28 16:13:37','',NULL,'生成操作'),(27,9,'清空数据','9','sys_oper_type','','danger','N','0','admin','2024-03-28 16:13:37','',NULL,'清空操作'),(28,1,'成功','0','sys_common_status','','primary','N','0','admin','2024-03-28 16:13:37','',NULL,'正常状态'),(29,2,'失败','1','sys_common_status','','danger','N','0','admin','2024-03-28 16:13:37','',NULL,'停用状态'),(101,1,'a1','a1','sys_tag_color','#FFDFFF','default','N','0','admin','2024-03-30 16:11:11','admin','2024-03-30 16:11:50','a1'),(102,2,'a2','a2','sys_tag_color','#C3FEC0','default','N','0','admin','2024-03-30 16:12:18','admin','2024-03-30 16:12:30','a2'),(103,3,'a3','a3','sys_tag_color','#FFE3b8','default','N','0','admin','2024-03-30 16:12:48','',NULL,'a3'),(104,4,'a4','a4','sys_tag_color','#CEECFF','default','N','0','admin','2024-03-30 16:13:18','',NULL,'a4'),(105,5,'a5','a5','sys_tag_color','#E8DEFF','default','N','0','admin','2024-03-30 16:13:54','',NULL,'a5'),(107,1,'学习','学习','sys_topic_type',NULL,'default','N','0','admin','2024-04-10 12:40:09','admin','2024-04-10 13:33:03','学习话题'),(108,2,'生活','生活','sys_topic_type',NULL,'default','N','0','admin','2024-04-10 12:48:23','admin','2024-04-10 13:33:07','生活话题'),(109,3,'情感','情感','sys_topic_type',NULL,'default','N','0','admin','2024-04-10 12:48:49','admin','2024-04-10 13:33:11','情感话题'),(110,4,'娱乐','娱乐','sys_topic_type',NULL,'default','N','0','admin','2024-04-10 12:49:09','admin','2024-04-10 13:33:15','娱乐话题'),(111,1,'小学','小学','sys_school_layer',NULL,'default','N','0','admin','2024-04-11 09:49:57','admin','2024-04-11 09:50:06','小学'),(112,2,'初中','初中','sys_school_layer',NULL,'default','N','0','admin','2024-04-11 09:50:31','admin','2024-04-11 09:50:51','初中'),(113,3,'高中','高中','sys_school_layer',NULL,'default','N','0','admin','2024-04-11 09:50:45','admin','2024-04-11 09:50:54','高中'),(114,4,'大学','大学','sys_school_layer',NULL,'default','N','0','admin','2024-04-11 09:51:09','',NULL,'大学');

/*Table structure for table `sys_dict_type` */

DROP TABLE IF EXISTS `sys_dict_type`;

CREATE TABLE `sys_dict_type` (
  `dict_id` bigint NOT NULL AUTO_INCREMENT COMMENT '字典主键',
  `dict_name` varchar(100) DEFAULT '' COMMENT '字典名称',
  `dict_type` varchar(100) DEFAULT '' COMMENT '字典类型',
  `status` char(1) DEFAULT '0' COMMENT '状态（0正常 1停用）',
  `create_by` varchar(64) DEFAULT '' COMMENT '创建者',
  `create_time` datetime DEFAULT NULL COMMENT '创建时间',
  `update_by` varchar(64) DEFAULT '' COMMENT '更新者',
  `update_time` datetime DEFAULT NULL COMMENT '更新时间',
  `remark` varchar(500) DEFAULT NULL COMMENT '备注',
  PRIMARY KEY (`dict_id`),
  UNIQUE KEY `dict_type` (`dict_type`)
) ENGINE=InnoDB AUTO_INCREMENT=103 DEFAULT CHARSET=utf8mb4 COLLATE=utf8mb4_0900_ai_ci COMMENT='字典类型表';

/*Data for the table `sys_dict_type` */

insert  into `sys_dict_type`(`dict_id`,`dict_name`,`dict_type`,`status`,`create_by`,`create_time`,`update_by`,`update_time`,`remark`) values (1,'用户性别','sys_user_sex','0','admin','2024-03-28 16:13:37','',NULL,'用户性别列表'),(2,'菜单状态','sys_show_hide','0','admin','2024-03-28 16:13:37','',NULL,'菜单状态列表'),(3,'系统开关','sys_normal_disable','0','admin','2024-03-28 16:13:37','',NULL,'系统开关列表'),(4,'任务状态','sys_job_status','0','admin','2024-03-28 16:13:37','',NULL,'任务状态列表'),(5,'任务分组','sys_job_group','0','admin','2024-03-28 16:13:37','',NULL,'任务分组列表'),(6,'系统是否','sys_yes_no','0','admin','2024-03-28 16:13:37','',NULL,'系统是否列表'),(7,'通知类型','sys_notice_type','0','admin','2024-03-28 16:13:37','',NULL,'通知类型列表'),(8,'通知状态','sys_notice_status','0','admin','2024-03-28 16:13:37','',NULL,'通知状态列表'),(9,'操作类型','sys_oper_type','0','admin','2024-03-28 16:13:37','',NULL,'操作类型列表'),(10,'系统状态','sys_common_status','0','admin','2024-03-28 16:13:37','',NULL,'登录状态列表'),(100,'纸条样式','sys_tag_color','0','admin','2024-03-30 16:10:16','',NULL,'纸条样式列表'),(101,'话题类别','sys_topic_type','0','admin','2024-04-10 12:37:31','',NULL,'话题分类列表'),(102,'学校层次','sys_school_layer','0','admin','2024-04-11 09:47:51','',NULL,'学校层次列表');

/*Table structure for table `sys_job` */

DROP TABLE IF EXISTS `sys_job`;

CREATE TABLE `sys_job` (
  `job_id` bigint NOT NULL AUTO_INCREMENT COMMENT '任务ID',
  `job_name` varchar(64) NOT NULL DEFAULT '' COMMENT '任务名称',
  `job_group` varchar(64) NOT NULL DEFAULT 'DEFAULT' COMMENT '任务组名',
  `invoke_target` varchar(500) NOT NULL COMMENT '调用目标字符串',
  `cron_expression` varchar(255) DEFAULT '' COMMENT 'cron执行表达式',
  `misfire_policy` varchar(20) DEFAULT '3' COMMENT '计划执行错误策略（1立即执行 2执行一次 3放弃执行）',
  `concurrent` char(1) DEFAULT '1' COMMENT '是否并发执行（0允许 1禁止）',
  `status` char(1) DEFAULT '0' COMMENT '状态（0正常 1暂停）',
  `create_by` varchar(64) DEFAULT '' COMMENT '创建者',
  `create_time` datetime DEFAULT NULL COMMENT '创建时间',
  `update_by` varchar(64) DEFAULT '' COMMENT '更新者',
  `update_time` datetime DEFAULT NULL COMMENT '更新时间',
  `remark` varchar(500) DEFAULT '' COMMENT '备注信息',
  PRIMARY KEY (`job_id`,`job_name`,`job_group`)
) ENGINE=InnoDB AUTO_INCREMENT=100 DEFAULT CHARSET=utf8mb4 COLLATE=utf8mb4_0900_ai_ci COMMENT='定时任务调度表';

/*Data for the table `sys_job` */

insert  into `sys_job`(`job_id`,`job_name`,`job_group`,`invoke_target`,`cron_expression`,`misfire_policy`,`concurrent`,`status`,`create_by`,`create_time`,`update_by`,`update_time`,`remark`) values (1,'系统默认（无参）','DEFAULT','ryTask.ryNoParams','0/10 * * * * ?','3','1','1','admin','2024-03-28 16:13:38','',NULL,''),(2,'系统默认（有参）','DEFAULT','ryTask.ryParams(\'ry\')','0/15 * * * * ?','3','1','1','admin','2024-03-28 16:13:38','',NULL,''),(3,'系统默认（多参）','DEFAULT','ryTask.ryMultipleParams(\'ry\', true, 2000L, 316.50D, 100)','0/20 * * * * ?','3','1','1','admin','2024-03-28 16:13:38','',NULL,'');

/*Table structure for table `sys_job_log` */

DROP TABLE IF EXISTS `sys_job_log`;

CREATE TABLE `sys_job_log` (
  `job_log_id` bigint NOT NULL AUTO_INCREMENT COMMENT '任务日志ID',
  `job_name` varchar(64) NOT NULL COMMENT '任务名称',
  `job_group` varchar(64) NOT NULL COMMENT '任务组名',
  `invoke_target` varchar(500) NOT NULL COMMENT '调用目标字符串',
  `job_message` varchar(500) DEFAULT NULL COMMENT '日志信息',
  `status` char(1) DEFAULT '0' COMMENT '执行状态（0正常 1失败）',
  `exception_info` varchar(2000) DEFAULT '' COMMENT '异常信息',
  `create_time` datetime DEFAULT NULL COMMENT '创建时间',
  PRIMARY KEY (`job_log_id`)
) ENGINE=InnoDB DEFAULT CHARSET=utf8mb4 COLLATE=utf8mb4_0900_ai_ci COMMENT='定时任务调度日志表';

/*Data for the table `sys_job_log` */

/*Table structure for table `sys_logininfor` */

DROP TABLE IF EXISTS `sys_logininfor`;

CREATE TABLE `sys_logininfor` (
  `info_id` bigint NOT NULL AUTO_INCREMENT COMMENT '访问ID',
  `user_name` varchar(50) DEFAULT '' COMMENT '用户账号',
  `ipaddr` varchar(128) DEFAULT '' COMMENT '登录IP地址',
  `login_location` varchar(255) DEFAULT '' COMMENT '登录地点',
  `browser` varchar(50) DEFAULT '' COMMENT '浏览器类型',
  `os` varchar(50) DEFAULT '' COMMENT '操作系统',
  `status` char(1) DEFAULT '0' COMMENT '登录状态（0成功 1失败）',
  `msg` varchar(255) DEFAULT '' COMMENT '提示消息',
  `login_time` datetime DEFAULT NULL COMMENT '访问时间',
  PRIMARY KEY (`info_id`),
  KEY `idx_sys_logininfor_s` (`status`),
  KEY `idx_sys_logininfor_lt` (`login_time`)
) ENGINE=InnoDB AUTO_INCREMENT=247 DEFAULT CHARSET=utf8mb4 COLLATE=utf8mb4_0900_ai_ci COMMENT='系统访问记录';

/*Data for the table `sys_logininfor` */

insert  into `sys_logininfor`(`info_id`,`user_name`,`ipaddr`,`login_location`,`browser`,`os`,`status`,`msg`,`login_time`) values (100,'admin','127.0.0.1','内网IP','Chrome 12','Windows 10','0','登录成功','2024-03-28 16:17:05'),(101,'admin','127.0.0.1','内网IP','Chrome 12','Windows 10','0','登录成功','2024-03-28 16:32:51'),(102,'admin','127.0.0.1','内网IP','Chrome 12','Windows 10','0','退出成功','2024-03-28 16:33:05'),(103,'admin','127.0.0.1','内网IP','Chrome 12','Windows 10','1','验证码已失效','2024-03-28 16:40:07'),(104,'admin','127.0.0.1','内网IP','Chrome 12','Windows 10','0','登录成功','2024-03-28 16:40:11'),(105,'admin','127.0.0.1','内网IP','Chrome 12','Windows 10','0','退出成功','2024-03-28 16:55:09'),(106,'admin','127.0.0.1','内网IP','Chrome 12','Windows 10','0','登录成功','2024-03-28 17:36:06'),(107,'admin','127.0.0.1','内网IP','Chrome 12','Windows 10','0','登录成功','2024-03-28 19:18:06'),(108,'admin','127.0.0.1','内网IP','Chrome 9','Windows 10','0','登录成功','2024-03-28 19:47:41'),(109,'ry','127.0.0.1','内网IP','Chrome 12','Windows 10','1','用户不存在/密码错误','2024-03-28 19:48:48'),(110,'admin','127.0.0.1','内网IP','Chrome 12','Windows 10','1','验证码错误','2024-03-28 19:48:59'),(111,'admin','127.0.0.1','内网IP','Chrome 12','Windows 10','0','登录成功','2024-03-28 19:49:03'),(112,'admin','127.0.0.1','内网IP','Chrome 12','Windows 10','0','登录成功','2024-03-30 09:19:59'),(113,'admin','127.0.0.1','内网IP','Chrome 12','Windows 10','0','登录成功','2024-03-30 11:19:44'),(114,'admin','127.0.0.1','内网IP','Chrome 12','Windows 10','0','登录成功','2024-03-30 14:42:17'),(115,'admin','127.0.0.1','内网IP','Chrome 12','Windows 10','0','登录成功','2024-03-30 15:38:01'),(116,'admin','127.0.0.1','内网IP','Chrome 12','Windows 10','0','登录成功','2024-03-30 15:57:06'),(117,'admin','127.0.0.1','内网IP','Chrome 12','Windows 10','0','登录成功','2024-04-02 17:44:07'),(118,'admin','127.0.0.1','内网IP','Chrome 12','Windows 10','0','登录成功','2024-04-10 01:19:52'),(119,'admin','127.0.0.1','内网IP','Chrome 12','Windows 10','0','登录成功','2024-04-10 12:09:15'),(120,'admin','127.0.0.1','内网IP','Chrome 12','Windows 10','0','登录成功','2024-04-10 12:31:58'),(121,'admin','127.0.0.1','内网IP','Chrome 9','Windows 10','0','登录成功','2024-04-10 12:55:50'),(122,'admin','127.0.0.1','内网IP','Chrome 12','Windows 10','1','验证码错误','2024-04-10 13:02:57'),(123,'admin','127.0.0.1','内网IP','Chrome 12','Windows 10','0','登录成功','2024-04-10 13:03:00'),(124,'admin','127.0.0.1','内网IP','Chrome 12','Windows 10','1','验证码已失效','2024-04-10 15:25:01'),(125,'admin','127.0.0.1','内网IP','Chrome 12','Windows 10','0','登录成功','2024-04-10 15:25:04'),(126,'admin','127.0.0.1','内网IP','Chrome 12','Windows 10','0','登录成功','2024-04-11 09:37:03'),(127,'admin','127.0.0.1','内网IP','Chrome 12','Windows 10','0','退出成功','2024-04-11 09:52:15'),(128,'admin','127.0.0.1','内网IP','Chrome 12','Windows 10','0','登录成功','2024-04-11 10:19:37'),(129,'admin','127.0.0.1','内网IP','Chrome 12','Windows 10','0','退出成功','2024-04-11 10:23:52'),(130,'100001','127.0.0.1','内网IP','Chrome 12','Windows 10','0','登录成功','2024-04-11 10:24:04'),(131,'100001','127.0.0.1','内网IP','Chrome 12','Windows 10','0','退出成功','2024-04-11 10:41:15'),(132,'admin','127.0.0.1','内网IP','Chrome 12','Windows 10','0','登录成功','2024-04-11 10:41:26'),(133,'admin','127.0.0.1','内网IP','Chrome 12','Windows 10','0','退出成功','2024-04-11 10:41:54'),(134,'100001','127.0.0.1','内网IP','Chrome 12','Windows 10','1','用户不存在/密码错误','2024-04-11 10:42:06'),(135,'100001','127.0.0.1','内网IP','Chrome 12','Windows 10','0','登录成功','2024-04-11 10:42:20'),(136,'100001','127.0.0.1','内网IP','Chrome 12','Windows 10','0','登录成功','2024-04-11 16:12:34'),(137,'100001','127.0.0.1','内网IP','Chrome 12','Windows 10','0','登录成功','2024-04-22 23:38:00'),(138,'100001','127.0.0.1','内网IP','Chrome 12','Windows 10','0','登录成功','2024-04-23 08:55:54'),(139,'100001','127.0.0.1','内网IP','Chrome 12','Windows 10','0','退出成功','2024-04-23 09:12:38'),(140,'admin','127.0.0.1','内网IP','Chrome 12','Windows 10','0','登录成功','2024-04-23 09:12:53'),(141,'admin','127.0.0.1','内网IP','Chrome 12','Windows 10','0','退出成功','2024-04-23 09:28:04'),(142,'admin','127.0.0.1','内网IP','Chrome 12','Windows 10','0','登录成功','2024-04-23 09:59:52'),(143,'admin','127.0.0.1','内网IP','Chrome 12','Windows 10','0','退出成功','2024-04-23 10:00:16'),(144,'admin','127.0.0.1','内网IP','Chrome 12','Windows 10','0','登录成功','2024-04-23 19:12:24'),(145,'admin','127.0.0.1','内网IP','Chrome 12','Windows 10','0','退出成功','2024-04-23 19:33:00'),(146,'admin','127.0.0.1','内网IP','Chrome 12','Windows 10','0','登录成功','2024-04-23 19:40:11'),(147,'admin','127.0.0.1','内网IP','Chrome 12','Windows 10','0','退出成功','2024-04-23 19:41:48'),(148,'100002','127.0.0.1','内网IP','Chrome 12','Windows 10','0','注册成功','2024-04-23 20:27:11'),(149,'100002','127.0.0.1','内网IP','Chrome 12','Windows 10','1','验证码已失效','2024-04-23 20:32:05'),(150,'100002','127.0.0.1','内网IP','Chrome 12','Windows 10','0','登录成功','2024-04-23 20:32:09'),(151,'100002','127.0.0.1','内网IP','Chrome 12','Windows 10','0','退出成功','2024-04-23 20:39:08'),(152,'100003','127.0.0.1','内网IP','Chrome 12','Windows 10','0','注册成功','2024-04-23 20:39:38'),(153,'100004','127.0.0.1','内网IP','Chrome 12','Windows 10','0','注册成功','2024-04-23 20:44:54'),(154,'100002','127.0.0.1','内网IP','Chrome 12','Windows 10','0','登录成功','2024-04-23 22:47:44'),(155,'100002','127.0.0.1','内网IP','Chrome 12','Windows 10','0','退出成功','2024-04-23 22:47:54'),(156,'100001','127.0.0.1','内网IP','Chrome 12','Windows 10','0','登录成功','2024-04-23 22:48:00'),(157,'100001','127.0.0.1','内网IP','Chrome 12','Windows 10','0','退出成功','2024-04-23 23:04:09'),(158,'100005','127.0.0.1','内网IP','Chrome 12','Windows 10','0','注册成功','2024-04-23 23:55:00'),(159,'100008','127.0.0.1','内网IP','Chrome 12','Windows 10','0','100008','2024-04-24 00:04:52'),(160,'100010','127.0.0.1','内网IP','Chrome 12','Windows 10','0','注册成功','2024-04-24 00:08:08'),(161,'100011','127.0.0.1','内网IP','Chrome 12','Windows 10','0','注册成功','2024-04-24 00:11:09'),(162,'100012','127.0.0.1','内网IP','Chrome 12','Windows 10','0','注册成功','2024-04-24 00:14:10'),(163,'100013','127.0.0.1','内网IP','Chrome 12','Windows 10','0','注册成功','2024-04-24 00:29:49'),(164,'100014','127.0.0.1','内网IP','Chrome 12','Windows 10','0','注册成功','2024-04-24 00:31:32'),(165,'100015','127.0.0.1','内网IP','Chrome 12','Windows 10','0','','2024-04-24 00:39:22'),(166,'100017','127.0.0.1','内网IP','Chrome 12','Windows 10','0','注册成功','2024-04-24 00:51:14'),(167,'100018','127.0.0.1','内网IP','Chrome 12','Windows 10','0','100018','2024-04-24 00:56:47'),(168,'100019','127.0.0.1','内网IP','Chrome 12','Windows 10','0','注册成功','2024-04-24 00:59:38'),(169,'100020','127.0.0.1','内网IP','Chrome 12','Windows 10','0','注册成功','2024-04-24 01:12:20'),(170,'100021','127.0.0.1','内网IP','Chrome 12','Windows 10','0','注册成功','2024-04-24 01:21:09'),(171,'100022','127.0.0.1','内网IP','Chrome 12','Windows 10','0','注册成功','2024-04-24 01:29:39'),(172,'100023','127.0.0.1','内网IP','Chrome 12','Windows 10','0','注册成功','2024-04-24 01:31:55'),(173,'100001','127.0.0.1','内网IP','Chrome 12','Windows 10','0','登录成功','2024-04-24 01:48:46'),(174,'100001','127.0.0.1','内网IP','Chrome 12','Windows 10','0','退出成功','2024-04-24 01:48:56'),(175,'admin','127.0.0.1','内网IP','Chrome 12','Windows 10','0','登录成功','2024-04-24 01:49:03'),(176,'admin','127.0.0.1','内网IP','Chrome 12','Windows 10','0','登录成功','2024-04-24 09:06:13'),(177,'admin','127.0.0.1','内网IP','Chrome 12','Windows 10','0','退出成功','2024-04-24 09:10:58'),(178,'100009','127.0.0.1','内网IP','Chrome 12','Windows 10','0','注册成功','2024-04-24 12:16:00'),(179,'100001','127.0.0.1','内网IP','Chrome 12','Windows 10','1','用户不存在/密码错误','2024-04-24 12:16:34'),(180,'100001','127.0.0.1','内网IP','Chrome 12','Windows 10','0','登录成功','2024-04-24 12:16:43'),(181,'100001','127.0.0.1','内网IP','Chrome 12','Windows 10','0','退出成功','2024-04-24 13:37:27'),(182,'100001','127.0.0.1','内网IP','Chrome 12','Windows 10','0','登录成功','2024-04-24 13:37:32'),(183,'100001','127.0.0.1','内网IP','Chrome 12','Windows 10','0','退出成功','2024-04-24 14:14:09'),(184,'100001','127.0.0.1','内网IP','Chrome 12','Windows 10','0','登录成功','2024-04-24 14:14:14'),(185,'100001','127.0.0.1','内网IP','Chrome 12','Windows 10','0','退出成功','2024-04-24 15:01:56'),(186,'admin','127.0.0.1','内网IP','Chrome 12','Windows 10','0','登录成功','2024-04-24 15:02:03'),(187,'admin','127.0.0.1','内网IP','Chrome 12','Windows 10','0','退出成功','2024-04-24 15:05:27'),(188,'100001','127.0.0.1','内网IP','Chrome 12','Windows 10','0','登录成功','2024-04-24 15:05:47'),(189,'100001','127.0.0.1','内网IP','Chrome 12','Windows 10','1','验证码已失效','2024-04-24 16:28:21'),(190,'100001','127.0.0.1','内网IP','Chrome 12','Windows 10','1','验证码错误','2024-04-24 16:28:24'),(191,'100001','127.0.0.1','内网IP','Chrome 12','Windows 10','0','登录成功','2024-04-24 16:28:28'),(192,'100001','127.0.0.1','内网IP','Chrome 12','Windows 10','1','用户不存在/密码错误','2024-04-24 16:33:05'),(193,'100001','127.0.0.1','内网IP','Chrome 12','Windows 10','0','登录成功','2024-04-24 16:33:14'),(194,'100001','127.0.0.1','内网IP','Chrome 12','Windows 10','0','登录成功','2024-04-24 17:18:18'),(195,'100001','127.0.0.1','内网IP','Chrome 12','Windows 10','0','退出成功','2024-04-24 17:20:36'),(196,'100001','127.0.0.1','内网IP','Chrome 12','Windows 10','0','登录成功','2024-04-24 17:20:41'),(197,'100001','127.0.0.1','内网IP','Chrome 12','Windows 10','0','退出成功','2024-04-24 17:23:09'),(198,'100001','127.0.0.1','内网IP','Chrome 12','Windows 10','0','登录成功','2024-04-24 17:23:36'),(199,'100001','127.0.0.1','内网IP','Chrome 12','Windows 10','0','退出成功','2024-04-24 17:44:34'),(200,'100001','127.0.0.1','内网IP','Chrome 12','Windows 10','0','登录成功','2024-04-24 18:18:01'),(201,'100001','127.0.0.1','内网IP','Chrome 12','Windows 10','0','退出成功','2024-04-24 18:20:06'),(202,'100001','127.0.0.1','内网IP','Chrome 12','Windows 10','0','登录成功','2024-04-24 18:30:23'),(203,'100001','127.0.0.1','内网IP','Chrome 12','Windows 10','0','登录成功','2024-04-26 12:55:53'),(204,'100001','127.0.0.1','内网IP','Chrome 12','Windows 10','0','登录成功','2024-04-26 13:30:30'),(205,'100001','127.0.0.1','内网IP','Chrome 12','Windows 10','0','登录成功','2024-04-26 14:40:49'),(206,'100001','127.0.0.1','内网IP','Chrome 12','Windows 10','0','退出成功','2024-04-26 15:05:13'),(207,'100001','127.0.0.1','内网IP','Chrome 12','Windows 10','0','登录成功','2024-04-26 15:05:42'),(208,'100001','127.0.0.1','内网IP','Chrome 12','Windows 10','0','退出成功','2024-04-26 15:12:33'),(209,'100001','127.0.0.1','内网IP','Chrome 12','Windows 10','1','验证码错误','2024-04-26 15:13:29'),(210,'100001','127.0.0.1','内网IP','Chrome 12','Windows 10','1','验证码错误','2024-04-26 15:13:31'),(211,'100001','127.0.0.1','内网IP','Chrome 12','Windows 10','0','登录成功','2024-04-26 15:13:35'),(212,'100001','127.0.0.1','内网IP','Chrome 12','Windows 10','0','退出成功','2024-04-26 15:13:51'),(213,'100001','127.0.0.1','内网IP','Chrome 12','Windows 10','0','登录成功','2024-04-26 15:14:19'),(214,'100001','127.0.0.1','内网IP','Chrome 12','Windows 10','0','退出成功','2024-04-26 15:17:24'),(215,'100001','127.0.0.1','内网IP','Chrome 12','Windows 10','0','登录成功','2024-04-26 15:18:31'),(216,'100001','127.0.0.1','内网IP','Chrome 12','Windows 10','0','退出成功','2024-04-26 15:24:28'),(217,'100001','127.0.0.1','内网IP','Chrome 12','Windows 10','0','登录成功','2024-04-26 15:26:31'),(218,'100001','127.0.0.1','内网IP','Chrome 12','Windows 10','0','退出成功','2024-04-26 15:31:41'),(219,'100001','127.0.0.1','内网IP','Chrome 12','Windows 10','0','登录成功','2024-04-26 15:32:04'),(220,'100001','127.0.0.1','内网IP','Chrome 12','Windows 10','0','退出成功','2024-04-26 15:37:37'),(221,'100001','127.0.0.1','内网IP','Chrome 12','Windows 10','0','登录成功','2024-04-26 15:37:55'),(222,'100001','127.0.0.1','内网IP','Chrome 12','Windows 10','0','退出成功','2024-04-26 15:44:02'),(223,'100001','127.0.0.1','内网IP','Chrome 12','Windows 10','1','验证码已失效','2024-04-26 16:03:21'),(224,'100001','127.0.0.1','内网IP','Chrome 12','Windows 10','0','登录成功','2024-04-26 16:03:38'),(225,'100001','127.0.0.1','内网IP','Chrome 12','Windows 10','0','登录成功','2024-04-26 16:13:16'),(226,'100001','127.0.0.1','内网IP','Chrome 12','Windows 10','0','退出成功','2024-04-26 16:20:14'),(227,'100001','127.0.0.1','内网IP','Chrome 12','Windows 10','0','登录成功','2024-04-26 16:20:55'),(228,'100001','127.0.0.1','内网IP','Chrome 12','Windows 10','0','退出成功','2024-04-26 16:34:32'),(229,'100001','127.0.0.1','内网IP','Chrome 12','Windows 10','0','登录成功','2024-04-26 16:37:59'),(230,'100001','127.0.0.1','内网IP','Chrome 12','Windows 10','0','退出成功','2024-04-26 16:46:43'),(231,'100001','127.0.0.1','内网IP','Chrome 12','Windows 10','0','登录成功','2024-04-26 16:52:47'),(232,'100001','127.0.0.1','内网IP','Chrome 12','Windows 10','0','退出成功','2024-04-26 16:54:50'),(233,'100001','127.0.0.1','内网IP','Chrome 12','Windows 10','0','登录成功','2024-04-26 16:55:26'),(234,'100001','127.0.0.1','内网IP','Chrome 12','Windows 10','0','退出成功','2024-04-26 17:01:33'),(235,'100001','127.0.0.1','内网IP','Chrome 12','Windows 10','0','登录成功','2024-04-26 17:02:42'),(236,'100001','127.0.0.1','内网IP','Chrome 12','Windows 10','0','退出成功','2024-04-26 17:14:04'),(237,'100001','127.0.0.1','内网IP','Chrome 12','Windows 10','0','登录成功','2024-04-26 17:17:06'),(238,'100001','127.0.0.1','内网IP','Chrome 12','Windows 10','0','退出成功','2024-04-26 17:22:55'),(239,'100001','127.0.0.1','内网IP','Chrome 12','Windows 10','0','登录成功','2024-04-26 17:23:18'),(240,'100001','127.0.0.1','内网IP','Chrome 12','Windows 10','0','退出成功','2024-04-26 17:25:29'),(241,'100001','127.0.0.1','内网IP','Chrome 12','Windows 10','0','登录成功','2024-04-26 17:25:46'),(242,'100001','127.0.0.1','内网IP','Chrome 12','Windows 10','0','退出成功','2024-04-26 17:26:56'),(243,'100001','127.0.0.1','内网IP','Chrome 12','Windows 10','0','登录成功','2024-04-26 17:27:11'),(244,'100001','127.0.0.1','内网IP','Chrome 12','Windows 10','0','退出成功','2024-04-26 17:28:52'),(245,'100001','127.0.0.1','内网IP','Chrome 12','Windows 10','0','登录成功','2024-04-26 17:30:18'),(246,'100001','127.0.0.1','内网IP','Chrome 12','Windows 10','0','登录成功','2024-05-11 14:45:30');

/*Table structure for table `sys_menu` */

DROP TABLE IF EXISTS `sys_menu`;

CREATE TABLE `sys_menu` (
  `menu_id` bigint NOT NULL AUTO_INCREMENT COMMENT '菜单ID',
  `menu_name` varchar(50) NOT NULL COMMENT '菜单名称',
  `parent_id` bigint DEFAULT '0' COMMENT '父菜单ID',
  `order_num` int DEFAULT '0' COMMENT '显示顺序',
  `path` varchar(200) DEFAULT '' COMMENT '路由地址',
  `component` varchar(255) DEFAULT NULL COMMENT '组件路径',
  `query` varchar(255) DEFAULT NULL COMMENT '路由参数',
  `is_frame` int DEFAULT '1' COMMENT '是否为外链（0是 1否）',
  `is_cache` int DEFAULT '0' COMMENT '是否缓存（0缓存 1不缓存）',
  `menu_type` char(1) DEFAULT '' COMMENT '菜单类型（M目录 C菜单 F按钮）',
  `visible` char(1) DEFAULT '0' COMMENT '菜单状态（0显示 1隐藏）',
  `status` char(1) DEFAULT '0' COMMENT '菜单状态（0正常 1停用）',
  `perms` varchar(100) DEFAULT NULL COMMENT '权限标识',
  `icon` varchar(100) DEFAULT '#' COMMENT '菜单图标',
  `create_by` varchar(64) DEFAULT '' COMMENT '创建者',
  `create_time` datetime DEFAULT NULL COMMENT '创建时间',
  `update_by` varchar(64) DEFAULT '' COMMENT '更新者',
  `update_time` datetime DEFAULT NULL COMMENT '更新时间',
  `remark` varchar(500) DEFAULT '' COMMENT '备注',
  PRIMARY KEY (`menu_id`)
) ENGINE=InnoDB AUTO_INCREMENT=2022 DEFAULT CHARSET=utf8mb4 COLLATE=utf8mb4_0900_ai_ci COMMENT='菜单权限表';

/*Data for the table `sys_menu` */

insert  into `sys_menu`(`menu_id`,`menu_name`,`parent_id`,`order_num`,`path`,`component`,`query`,`is_frame`,`is_cache`,`menu_type`,`visible`,`status`,`perms`,`icon`,`create_by`,`create_time`,`update_by`,`update_time`,`remark`) values (1,'系统管理',0,1,'system',NULL,'',1,0,'M','0','0','','system','admin','2024-03-28 16:13:36','',NULL,'系统管理目录'),(2,'系统监控',0,2,'monitor',NULL,'',1,0,'M','0','0','','monitor','admin','2024-03-28 16:13:36','',NULL,'系统监控目录'),(3,'系统工具',0,3,'tool',NULL,'',1,0,'M','0','0','','tool','admin','2024-03-28 16:13:36','',NULL,'系统工具目录'),(4,'若依官网',0,4,'http://ruoyi.vip',NULL,'',0,0,'M','0','0','','guide','admin','2024-03-28 16:13:36','',NULL,'若依官网地址'),(100,'用户管理',1,1,'user','system/user/index','',1,0,'C','0','0','system:user:list','user','admin','2024-03-28 16:13:36','',NULL,'用户管理菜单'),(101,'角色管理',1,2,'role','system/role/index','',1,0,'C','0','0','system:role:list','peoples','admin','2024-03-28 16:13:36','',NULL,'角色管理菜单'),(102,'菜单管理',1,3,'menu','system/menu/index','',1,0,'C','0','0','system:menu:list','tree-table','admin','2024-03-28 16:13:36','',NULL,'菜单管理菜单'),(103,'部门管理',1,4,'dept','system/dept/index','',1,0,'C','0','0','system:dept:list','tree','admin','2024-03-28 16:13:36','',NULL,'部门管理菜单'),(104,'岗位管理',1,5,'post','system/post/index','',1,0,'C','0','0','system:post:list','post','admin','2024-03-28 16:13:36','',NULL,'岗位管理菜单'),(105,'字典管理',1,6,'dict','system/dict/index','',1,0,'C','0','0','system:dict:list','dict','admin','2024-03-28 16:13:36','',NULL,'字典管理菜单'),(106,'参数设置',1,7,'config','system/config/index','',1,0,'C','0','0','system:config:list','edit','admin','2024-03-28 16:13:36','',NULL,'参数设置菜单'),(107,'通知公告',2000,4,'notice','system/notice/index','',1,0,'C','0','0','system:notice:list','message','admin','2024-03-28 16:13:36','admin','2024-04-10 13:49:20','通知公告菜单'),(108,'日志管理',1,9,'log','','',1,0,'M','0','0','','log','admin','2024-03-28 16:13:36','',NULL,'日志管理菜单'),(109,'在线用户',2,1,'online','monitor/online/index','',1,0,'C','0','0','monitor:online:list','online','admin','2024-03-28 16:13:36','',NULL,'在线用户菜单'),(110,'定时任务',2,2,'job','monitor/job/index','',1,0,'C','0','0','monitor:job:list','job','admin','2024-03-28 16:13:36','',NULL,'定时任务菜单'),(111,'数据监控',2,3,'druid','monitor/druid/index','',1,0,'C','0','0','monitor:druid:list','druid','admin','2024-03-28 16:13:36','',NULL,'数据监控菜单'),(112,'服务监控',2,4,'server','monitor/server/index','',1,0,'C','0','0','monitor:server:list','server','admin','2024-03-28 16:13:36','',NULL,'服务监控菜单'),(113,'缓存监控',2,5,'cache','monitor/cache/index','',1,0,'C','0','0','monitor:cache:list','redis','admin','2024-03-28 16:13:36','',NULL,'缓存监控菜单'),(114,'缓存列表',2,6,'cacheList','monitor/cache/list','',1,0,'C','0','0','monitor:cache:list','redis-list','admin','2024-03-28 16:13:36','',NULL,'缓存列表菜单'),(115,'表单构建',3,1,'build','tool/build/index','',1,0,'C','0','0','tool:build:list','build','admin','2024-03-28 16:13:36','',NULL,'表单构建菜单'),(116,'代码生成',3,2,'gen','tool/gen/index','',1,0,'C','0','0','tool:gen:list','code','admin','2024-03-28 16:13:36','',NULL,'代码生成菜单'),(117,'系统接口',3,3,'swagger','tool/swagger/index','',1,0,'C','0','0','tool:swagger:list','swagger','admin','2024-03-28 16:13:36','',NULL,'系统接口菜单'),(500,'操作日志',108,1,'operlog','monitor/operlog/index','',1,0,'C','0','0','monitor:operlog:list','form','admin','2024-03-28 16:13:36','',NULL,'操作日志菜单'),(501,'登录日志',108,2,'logininfor','monitor/logininfor/index','',1,0,'C','0','0','monitor:logininfor:list','logininfor','admin','2024-03-28 16:13:36','',NULL,'登录日志菜单'),(1000,'用户查询',100,1,'','','',1,0,'F','0','0','system:user:query','#','admin','2024-03-28 16:13:36','',NULL,''),(1001,'用户新增',100,2,'','','',1,0,'F','0','0','system:user:add','#','admin','2024-03-28 16:13:36','',NULL,''),(1002,'用户修改',100,3,'','','',1,0,'F','0','0','system:user:edit','#','admin','2024-03-28 16:13:36','',NULL,''),(1003,'用户删除',100,4,'','','',1,0,'F','0','0','system:user:remove','#','admin','2024-03-28 16:13:36','',NULL,''),(1004,'用户导出',100,5,'','','',1,0,'F','0','0','system:user:export','#','admin','2024-03-28 16:13:36','',NULL,''),(1005,'用户导入',100,6,'','','',1,0,'F','0','0','system:user:import','#','admin','2024-03-28 16:13:36','',NULL,''),(1006,'重置密码',100,7,'','','',1,0,'F','0','0','system:user:resetPwd','#','admin','2024-03-28 16:13:36','',NULL,''),(1007,'角色查询',101,1,'','','',1,0,'F','0','0','system:role:query','#','admin','2024-03-28 16:13:36','',NULL,''),(1008,'角色新增',101,2,'','','',1,0,'F','0','0','system:role:add','#','admin','2024-03-28 16:13:36','',NULL,''),(1009,'角色修改',101,3,'','','',1,0,'F','0','0','system:role:edit','#','admin','2024-03-28 16:13:36','',NULL,''),(1010,'角色删除',101,4,'','','',1,0,'F','0','0','system:role:remove','#','admin','2024-03-28 16:13:37','',NULL,''),(1011,'角色导出',101,5,'','','',1,0,'F','0','0','system:role:export','#','admin','2024-03-28 16:13:37','',NULL,''),(1012,'菜单查询',102,1,'','','',1,0,'F','0','0','system:menu:query','#','admin','2024-03-28 16:13:37','',NULL,''),(1013,'菜单新增',102,2,'','','',1,0,'F','0','0','system:menu:add','#','admin','2024-03-28 16:13:37','',NULL,''),(1014,'菜单修改',102,3,'','','',1,0,'F','0','0','system:menu:edit','#','admin','2024-03-28 16:13:37','',NULL,''),(1015,'菜单删除',102,4,'','','',1,0,'F','0','0','system:menu:remove','#','admin','2024-03-28 16:13:37','',NULL,''),(1016,'部门查询',103,1,'','','',1,0,'F','0','0','system:dept:query','#','admin','2024-03-28 16:13:37','',NULL,''),(1017,'部门新增',103,2,'','','',1,0,'F','0','0','system:dept:add','#','admin','2024-03-28 16:13:37','',NULL,''),(1018,'部门修改',103,3,'','','',1,0,'F','0','0','system:dept:edit','#','admin','2024-03-28 16:13:37','',NULL,''),(1019,'部门删除',103,4,'','','',1,0,'F','0','0','system:dept:remove','#','admin','2024-03-28 16:13:37','',NULL,''),(1020,'岗位查询',104,1,'','','',1,0,'F','0','0','system:post:query','#','admin','2024-03-28 16:13:37','',NULL,''),(1021,'岗位新增',104,2,'','','',1,0,'F','0','0','system:post:add','#','admin','2024-03-28 16:13:37','',NULL,''),(1022,'岗位修改',104,3,'','','',1,0,'F','0','0','system:post:edit','#','admin','2024-03-28 16:13:37','',NULL,''),(1023,'岗位删除',104,4,'','','',1,0,'F','0','0','system:post:remove','#','admin','2024-03-28 16:13:37','',NULL,''),(1024,'岗位导出',104,5,'','','',1,0,'F','0','0','system:post:export','#','admin','2024-03-28 16:13:37','',NULL,''),(1025,'字典查询',105,1,'#','','',1,0,'F','0','0','system:dict:query','#','admin','2024-03-28 16:13:37','',NULL,''),(1026,'字典新增',105,2,'#','','',1,0,'F','0','0','system:dict:add','#','admin','2024-03-28 16:13:37','',NULL,''),(1027,'字典修改',105,3,'#','','',1,0,'F','0','0','system:dict:edit','#','admin','2024-03-28 16:13:37','',NULL,''),(1028,'字典删除',105,4,'#','','',1,0,'F','0','0','system:dict:remove','#','admin','2024-03-28 16:13:37','',NULL,''),(1029,'字典导出',105,5,'#','','',1,0,'F','0','0','system:dict:export','#','admin','2024-03-28 16:13:37','',NULL,''),(1030,'参数查询',106,1,'#','','',1,0,'F','0','0','system:config:query','#','admin','2024-03-28 16:13:37','',NULL,''),(1031,'参数新增',106,2,'#','','',1,0,'F','0','0','system:config:add','#','admin','2024-03-28 16:13:37','',NULL,''),(1032,'参数修改',106,3,'#','','',1,0,'F','0','0','system:config:edit','#','admin','2024-03-28 16:13:37','',NULL,''),(1033,'参数删除',106,4,'#','','',1,0,'F','0','0','system:config:remove','#','admin','2024-03-28 16:13:37','',NULL,''),(1034,'参数导出',106,5,'#','','',1,0,'F','0','0','system:config:export','#','admin','2024-03-28 16:13:37','',NULL,''),(1035,'公告查询',107,1,'#','','',1,0,'F','0','0','system:notice:query','#','admin','2024-03-28 16:13:37','',NULL,''),(1036,'公告新增',107,2,'#','','',1,0,'F','0','0','system:notice:add','#','admin','2024-03-28 16:13:37','',NULL,''),(1037,'公告修改',107,3,'#','','',1,0,'F','0','0','system:notice:edit','#','admin','2024-03-28 16:13:37','',NULL,''),(1038,'公告删除',107,4,'#','','',1,0,'F','0','0','system:notice:remove','#','admin','2024-03-28 16:13:37','',NULL,''),(1039,'操作查询',500,1,'#','','',1,0,'F','0','0','monitor:operlog:query','#','admin','2024-03-28 16:13:37','',NULL,''),(1040,'操作删除',500,2,'#','','',1,0,'F','0','0','monitor:operlog:remove','#','admin','2024-03-28 16:13:37','',NULL,''),(1041,'日志导出',500,3,'#','','',1,0,'F','0','0','monitor:operlog:export','#','admin','2024-03-28 16:13:37','',NULL,''),(1042,'登录查询',501,1,'#','','',1,0,'F','0','0','monitor:logininfor:query','#','admin','2024-03-28 16:13:37','',NULL,''),(1043,'登录删除',501,2,'#','','',1,0,'F','0','0','monitor:logininfor:remove','#','admin','2024-03-28 16:13:37','',NULL,''),(1044,'日志导出',501,3,'#','','',1,0,'F','0','0','monitor:logininfor:export','#','admin','2024-03-28 16:13:37','',NULL,''),(1045,'账户解锁',501,4,'#','','',1,0,'F','0','0','monitor:logininfor:unlock','#','admin','2024-03-28 16:13:37','',NULL,''),(1046,'在线查询',109,1,'#','','',1,0,'F','0','0','monitor:online:query','#','admin','2024-03-28 16:13:37','',NULL,''),(1047,'批量强退',109,2,'#','','',1,0,'F','0','0','monitor:online:batchLogout','#','admin','2024-03-28 16:13:37','',NULL,''),(1048,'单条强退',109,3,'#','','',1,0,'F','0','0','monitor:online:forceLogout','#','admin','2024-03-28 16:13:37','',NULL,''),(1049,'任务查询',110,1,'#','','',1,0,'F','0','0','monitor:job:query','#','admin','2024-03-28 16:13:37','',NULL,''),(1050,'任务新增',110,2,'#','','',1,0,'F','0','0','monitor:job:add','#','admin','2024-03-28 16:13:37','',NULL,''),(1051,'任务修改',110,3,'#','','',1,0,'F','0','0','monitor:job:edit','#','admin','2024-03-28 16:13:37','',NULL,''),(1052,'任务删除',110,4,'#','','',1,0,'F','0','0','monitor:job:remove','#','admin','2024-03-28 16:13:37','',NULL,''),(1053,'状态修改',110,5,'#','','',1,0,'F','0','0','monitor:job:changeStatus','#','admin','2024-03-28 16:13:37','',NULL,''),(1054,'任务导出',110,6,'#','','',1,0,'F','0','0','monitor:job:export','#','admin','2024-03-28 16:13:37','',NULL,''),(1055,'生成查询',116,1,'#','','',1,0,'F','0','0','tool:gen:query','#','admin','2024-03-28 16:13:37','',NULL,''),(1056,'生成修改',116,2,'#','','',1,0,'F','0','0','tool:gen:edit','#','admin','2024-03-28 16:13:37','',NULL,''),(1057,'生成删除',116,3,'#','','',1,0,'F','0','0','tool:gen:remove','#','admin','2024-03-28 16:13:37','',NULL,''),(1058,'导入代码',116,4,'#','','',1,0,'F','0','0','tool:gen:import','#','admin','2024-03-28 16:13:37','',NULL,''),(1059,'预览代码',116,5,'#','','',1,0,'F','0','0','tool:gen:preview','#','admin','2024-03-28 16:13:37','',NULL,''),(1060,'生成代码',116,6,'#','','',1,0,'F','0','0','tool:gen:code','#','admin','2024-03-28 16:13:37','',NULL,''),(2000,'同学录管理',0,0,'yearbook',NULL,NULL,1,0,'M','0','0',NULL,'system','admin','2024-03-28 20:38:05','',NULL,''),(2001,'同学管理',2000,1,'classmate','yearbook/classmate/index',NULL,1,0,'C','0','0','yearbook:classmate:list','peoples','admin','2024-03-30 11:21:38','',NULL,''),(2002,'留言管理',2000,2,'tagboard','yearbook/tagboard/index',NULL,1,0,'C','0','0','yearbook:tagboard:list','table','admin','2024-03-30 11:25:05','',NULL,''),(2003,'话题管理',2000,3,'topic','yearbook/topic/index',NULL,1,0,'C','0','0','yearbook:topic:list','form','admin','2024-03-30 11:27:51','',NULL,''),(2004,'同学',2001,1,'classmate','yearbook/classmate/index',NULL,1,0,'C','0','0','yearbook:classmate:list','#','admin','2024-03-30 15:07:14','',NULL,'同学菜单'),(2005,'同学查询',2004,1,'#','',NULL,1,0,'F','0','0','yearbook:classmate:query','#','admin','2024-03-30 15:07:14','',NULL,''),(2006,'同学新增',2004,2,'#','',NULL,1,0,'F','0','0','yearbook:classmate:add','#','admin','2024-03-30 15:07:14','',NULL,''),(2007,'同学修改',2004,3,'#','',NULL,1,0,'F','0','0','yearbook:classmate:edit','#','admin','2024-03-30 15:07:14','',NULL,''),(2008,'同学删除',2004,4,'#','',NULL,1,0,'F','0','0','yearbook:classmate:remove','#','admin','2024-03-30 15:07:14','',NULL,''),(2009,'同学导出',2004,5,'#','',NULL,1,0,'F','0','0','yearbook:classmate:export','#','admin','2024-03-30 15:07:14','',NULL,''),(2010,'留言条',2002,1,'tagboard','yearbook/tagboard/index',NULL,1,0,'C','0','0','yearbook:tagboard:list','#','admin','2024-03-30 16:29:55','',NULL,'留言条菜单'),(2011,'留言条查询',2010,1,'#','',NULL,1,0,'F','0','0','yearbook:tagboard:query','#','admin','2024-03-30 16:29:55','',NULL,''),(2013,'留言条修改',2010,3,'#','',NULL,1,0,'F','0','0','yearbook:tagboard:edit','#','admin','2024-03-30 16:29:55','',NULL,''),(2014,'留言条删除',2010,4,'#','',NULL,1,0,'F','0','0','yearbook:tagboard:remove','#','admin','2024-03-30 16:29:55','',NULL,''),(2015,'留言条导出',2010,5,'#','',NULL,1,0,'F','0','0','yearbook:tagboard:export','#','admin','2024-03-30 16:29:55','',NULL,''),(2016,'话题',2003,1,'topic','yearbook/topic/index',NULL,1,0,'C','0','0','yearbook:topic:list','#','admin','2024-04-10 13:14:15','',NULL,'话题菜单'),(2017,'话题查询',2016,1,'#','',NULL,1,0,'F','0','0','yearbook:topic:query','#','admin','2024-04-10 13:14:15','',NULL,''),(2018,'话题新增',2016,2,'#','',NULL,1,0,'F','0','0','yearbook:topic:add','#','admin','2024-04-10 13:14:15','',NULL,''),(2019,'话题修改',2016,3,'#','',NULL,1,0,'F','0','0','yearbook:topic:edit','#','admin','2024-04-10 13:14:15','',NULL,''),(2020,'话题删除',2016,4,'#','',NULL,1,0,'F','0','0','yearbook:topic:remove','#','admin','2024-04-10 13:14:15','',NULL,''),(2021,'话题导出',2016,5,'#','',NULL,1,0,'F','0','0','yearbook:topic:export','#','admin','2024-04-10 13:14:15','',NULL,'');

/*Table structure for table `sys_notice` */

DROP TABLE IF EXISTS `sys_notice`;

CREATE TABLE `sys_notice` (
  `notice_id` int NOT NULL AUTO_INCREMENT COMMENT '公告ID',
  `notice_title` varchar(50) NOT NULL COMMENT '公告标题',
  `notice_type` char(1) NOT NULL COMMENT '公告类型（1通知 2公告）',
  `notice_content` longblob COMMENT '公告内容',
  `status` char(1) DEFAULT '0' COMMENT '公告状态（0正常 1关闭）',
  `create_by` varchar(64) DEFAULT '' COMMENT '创建者',
  `create_time` datetime DEFAULT NULL COMMENT '创建时间',
  `update_by` varchar(64) DEFAULT '' COMMENT '更新者',
  `update_time` datetime DEFAULT NULL COMMENT '更新时间',
  `remark` varchar(255) DEFAULT NULL COMMENT '备注',
  PRIMARY KEY (`notice_id`)
) ENGINE=InnoDB AUTO_INCREMENT=11 DEFAULT CHARSET=utf8mb4 COLLATE=utf8mb4_0900_ai_ci COMMENT='通知公告表';

/*Data for the table `sys_notice` */

insert  into `sys_notice`(`notice_id`,`notice_title`,`notice_type`,`notice_content`,`status`,`create_by`,`create_time`,`update_by`,`update_time`,`remark`) values (1,'开学日:2023-09-03','2','<p>新版本内容</p>','0','100001','2024-03-28 16:13:38','100001','2024-04-11 11:53:34','管理员'),(2,'英语四级考试时间:2023-12-01','2','<p>维护内容</p>','0','100001','2024-03-28 16:13:38','100001','2024-04-11 11:54:07','管理员'),(10,'清明节放假时间:2024-04-03至2024-04-05','2',NULL,'0','100001','2024-04-11 11:55:01','',NULL,NULL);

/*Table structure for table `sys_oper_log` */

DROP TABLE IF EXISTS `sys_oper_log`;

CREATE TABLE `sys_oper_log` (
  `oper_id` bigint NOT NULL AUTO_INCREMENT COMMENT '日志主键',
  `title` varchar(50) DEFAULT '' COMMENT '模块标题',
  `business_type` int DEFAULT '0' COMMENT '业务类型（0其它 1新增 2修改 3删除）',
  `method` varchar(100) DEFAULT '' COMMENT '方法名称',
  `request_method` varchar(10) DEFAULT '' COMMENT '请求方式',
  `operator_type` int DEFAULT '0' COMMENT '操作类别（0其它 1后台用户 2手机端用户）',
  `oper_name` varchar(50) DEFAULT '' COMMENT '操作人员',
  `dept_name` varchar(50) DEFAULT '' COMMENT '部门名称',
  `oper_url` varchar(255) DEFAULT '' COMMENT '请求URL',
  `oper_ip` varchar(128) DEFAULT '' COMMENT '主机地址',
  `oper_location` varchar(255) DEFAULT '' COMMENT '操作地点',
  `oper_param` varchar(2000) DEFAULT '' COMMENT '请求参数',
  `json_result` varchar(2000) DEFAULT '' COMMENT '返回参数',
  `status` int DEFAULT '0' COMMENT '操作状态（0正常 1异常）',
  `error_msg` varchar(2000) DEFAULT '' COMMENT '错误消息',
  `oper_time` datetime DEFAULT NULL COMMENT '操作时间',
  `cost_time` bigint DEFAULT '0' COMMENT '消耗时间',
  PRIMARY KEY (`oper_id`),
  KEY `idx_sys_oper_log_bt` (`business_type`),
  KEY `idx_sys_oper_log_s` (`status`),
  KEY `idx_sys_oper_log_ot` (`oper_time`)
) ENGINE=InnoDB AUTO_INCREMENT=279 DEFAULT CHARSET=utf8mb4 COLLATE=utf8mb4_0900_ai_ci COMMENT='操作日志记录';

/*Data for the table `sys_oper_log` */

insert  into `sys_oper_log`(`oper_id`,`title`,`business_type`,`method`,`request_method`,`operator_type`,`oper_name`,`dept_name`,`oper_url`,`oper_ip`,`oper_location`,`oper_param`,`json_result`,`status`,`error_msg`,`oper_time`,`cost_time`) values (100,'用户管理',2,'com.ruoyi.web.controller.system.SysUserController.changeStatus()','PUT',1,'admin','研发部门','/system/user/changeStatus','127.0.0.1','内网IP','{\"admin\":true,\"params\":{},\"status\":\"1\",\"userId\":1}',NULL,1,'不允许操作超级管理员用户','2024-03-28 19:58:04',4),(101,'用户管理',2,'com.ruoyi.web.controller.system.SysUserController.changeStatus()','PUT',1,'admin','研发部门','/system/user/changeStatus','127.0.0.1','内网IP','{\"admin\":false,\"params\":{},\"status\":\"1\",\"updateBy\":\"admin\",\"userId\":2}','{\"msg\":\"操作成功\",\"code\":200}',0,NULL,'2024-03-28 19:58:07',7),(102,'用户管理',2,'com.ruoyi.web.controller.system.SysUserController.changeStatus()','PUT',1,'admin','研发部门','/system/user/changeStatus','127.0.0.1','内网IP','{\"admin\":false,\"params\":{},\"status\":\"0\",\"updateBy\":\"admin\",\"userId\":2}','{\"msg\":\"操作成功\",\"code\":200}',0,NULL,'2024-03-28 19:58:10',8),(103,'菜单管理',1,'com.ruoyi.web.controller.system.SysMenuController.add()','POST',1,'admin','研发部门','/system/menu','127.0.0.1','内网IP','{\"children\":[],\"createBy\":\"admin\",\"icon\":\"system\",\"isCache\":\"0\",\"isFrame\":\"1\",\"menuName\":\"同学录管理\",\"menuType\":\"M\",\"orderNum\":0,\"params\":{},\"parentId\":0,\"path\":\"yearbook\",\"status\":\"0\",\"visible\":\"0\"}','{\"msg\":\"操作成功\",\"code\":200}',0,NULL,'2024-03-28 20:38:05',24),(104,'菜单管理',1,'com.ruoyi.web.controller.system.SysMenuController.add()','POST',1,'admin','研发部门','/system/menu','127.0.0.1','内网IP','{\"children\":[],\"component\":\"yearbook/classmate/index\",\"createBy\":\"admin\",\"icon\":\"peoples\",\"isCache\":\"0\",\"isFrame\":\"1\",\"menuName\":\"同学管理\",\"menuType\":\"C\",\"orderNum\":1,\"params\":{},\"parentId\":2000,\"path\":\"classmate\",\"perms\":\"yearbook:classmate:list\",\"status\":\"0\",\"visible\":\"0\"}','{\"msg\":\"操作成功\",\"code\":200}',0,NULL,'2024-03-30 11:21:38',39),(105,'菜单管理',1,'com.ruoyi.web.controller.system.SysMenuController.add()','POST',1,'admin','研发部门','/system/menu','127.0.0.1','内网IP','{\"children\":[],\"component\":\"yearbook/tagboard/index\",\"createBy\":\"admin\",\"icon\":\"table\",\"isCache\":\"0\",\"isFrame\":\"1\",\"menuName\":\"留言管理\",\"menuType\":\"C\",\"orderNum\":2,\"params\":{},\"parentId\":2000,\"path\":\"tagboard\",\"perms\":\"yearbook:tagboard:list\",\"status\":\"0\",\"visible\":\"0\"}','{\"msg\":\"操作成功\",\"code\":200}',0,NULL,'2024-03-30 11:25:05',28),(106,'菜单管理',1,'com.ruoyi.web.controller.system.SysMenuController.add()','POST',1,'admin','研发部门','/system/menu','127.0.0.1','内网IP','{\"children\":[],\"component\":\"yearbook/topic/index\",\"createBy\":\"admin\",\"icon\":\"form\",\"isCache\":\"0\",\"isFrame\":\"1\",\"menuName\":\"话题管理\",\"menuType\":\"C\",\"orderNum\":3,\"params\":{},\"parentId\":2000,\"path\":\"topic\",\"perms\":\"yearbook:topic:list\",\"status\":\"0\",\"visible\":\"0\"}','{\"msg\":\"操作成功\",\"code\":200}',0,NULL,'2024-03-30 11:27:51',16),(107,'代码生成',6,'com.ruoyi.generator.controller.GenController.importTableSave()','POST',1,'admin','研发部门','/tool/gen/importTable','127.0.0.1','内网IP','{\"tables\":\"yearbook_classmate\"}','{\"msg\":\"操作成功\",\"code\":200}',0,NULL,'2024-03-30 14:54:44',138),(108,'字典数据',2,'com.ruoyi.web.controller.system.SysDictDataController.edit()','PUT',1,'admin','研发部门','/system/dict/data','127.0.0.1','内网IP','{\"createBy\":\"admin\",\"createTime\":\"2024-03-28 16:13:37\",\"cssClass\":\"\",\"default\":true,\"dictCode\":1,\"dictLabel\":\"男\",\"dictSort\":1,\"dictType\":\"sys_user_sex\",\"dictValue\":\"男\",\"isDefault\":\"Y\",\"listClass\":\"\",\"params\":{},\"remark\":\"性别男\",\"status\":\"0\",\"updateBy\":\"admin\"}','{\"msg\":\"操作成功\",\"code\":200}',0,NULL,'2024-03-30 14:59:04',13),(109,'字典数据',2,'com.ruoyi.web.controller.system.SysDictDataController.edit()','PUT',1,'admin','研发部门','/system/dict/data','127.0.0.1','内网IP','{\"createBy\":\"admin\",\"createTime\":\"2024-03-28 16:13:37\",\"cssClass\":\"\",\"default\":false,\"dictCode\":2,\"dictLabel\":\"女\",\"dictSort\":2,\"dictType\":\"sys_user_sex\",\"dictValue\":\"女\",\"isDefault\":\"N\",\"listClass\":\"\",\"params\":{},\"remark\":\"性别女\",\"status\":\"0\",\"updateBy\":\"admin\"}','{\"msg\":\"操作成功\",\"code\":200}',0,NULL,'2024-03-30 14:59:13',16),(110,'字典类型',3,'com.ruoyi.web.controller.system.SysDictDataController.remove()','DELETE',1,'admin','研发部门','/system/dict/data/3','127.0.0.1','内网IP','{}','{\"msg\":\"操作成功\",\"code\":200}',0,NULL,'2024-03-30 14:59:16',14),(111,'代码生成',2,'com.ruoyi.generator.controller.GenController.editSave()','PUT',1,'admin','研发部门','/tool/gen','127.0.0.1','内网IP','{\"businessName\":\"classmate\",\"className\":\"YearbookClassmate\",\"columns\":[{\"capJavaField\":\"Id\",\"columnComment\":\"ID\",\"columnId\":1,\"columnName\":\"id\",\"columnType\":\"int\",\"createBy\":\"admin\",\"createTime\":\"2024-03-30 14:54:44\",\"dictType\":\"\",\"edit\":true,\"htmlType\":\"input\",\"increment\":false,\"insert\":true,\"isEdit\":\"1\",\"isIncrement\":\"0\",\"isInsert\":\"1\",\"isList\":\"1\",\"isPk\":\"1\",\"isQuery\":\"1\",\"isRequired\":\"0\",\"javaField\":\"id\",\"javaType\":\"Integer\",\"list\":true,\"params\":{},\"pk\":true,\"query\":true,\"queryType\":\"LIKE\",\"required\":false,\"sort\":1,\"superColumn\":false,\"tableId\":1,\"updateBy\":\"\",\"usableColumn\":false},{\"capJavaField\":\"Password\",\"columnComment\":\"密码\",\"columnId\":2,\"columnName\":\"password\",\"columnType\":\"varchar(16)\",\"createBy\":\"admin\",\"createTime\":\"2024-03-30 14:54:44\",\"dictType\":\"\",\"edit\":false,\"htmlType\":\"input\",\"increment\":false,\"insert\":false,\"isEdit\":\"0\",\"isIncrement\":\"0\",\"isInsert\":\"0\",\"isList\":\"0\",\"isPk\":\"0\",\"isQuery\":\"0\",\"isRequired\":\"0\",\"javaField\":\"password\",\"javaType\":\"String\",\"list\":false,\"params\":{},\"pk\":false,\"query\":false,\"queryType\":\"EQ\",\"required\":false,\"sort\":2,\"superColumn\":false,\"tableId\":1,\"updateBy\":\"\",\"usableColumn\":false},{\"capJavaField\":\"Name\",\"columnComment\":\"姓名\",\"columnId\":3,\"columnName\":\"name\",\"columnType\":\"varchar(10)\",\"createBy\":\"admin\",\"createTime\":\"2024-03-30 14:54:44\",\"dictType\":\"\",\"edit\":true,\"htmlType\":\"input\",\"increment\":false,\"insert\":true,\"isEdit\":\"1\",\"isIncrement\":\"0\",\"isInsert\":\"1\",\"isList\":\"1\",\"isPk\":\"0\",\"isQuery\":\"1\",\"isRequired\":\"1\",\"javaField\":\"name\",\"javaType\":\"String\",\"list\":true,\"params\":{},\"pk\":false,\"query\":true,\"queryType\":\"LIKE\",\"required\":true,\"sort\":3,\"superColumn\":false,\"tableId\":1,\"updateBy\":\"\",\"usableColumn\":false},{\"capJavaField\":\"Nickname\",\"columnComment\":\"昵称\",\"columnId\":4,\"columnName\":\"nickname\",\"columnType\":\"varchar(10)\",\"createBy\":\"admin\",\"createTime\":\"2024-03-30 14:54:44\",\"dictType\":\"\",\"edit\":false,\"htmlType\":\"input\",\"increment\":false,\"insert\":false,\"isEdit\":\"0\",\"isIncrement\":\"0\",\"isInsert\":\"0\",\"isList\":\"1\",\"isPk\":\"0\",\"isQuer','{\"msg\":\"操作成功\",\"code\":200}',0,NULL,'2024-03-30 15:04:17',141),(112,'代码生成',8,'com.ruoyi.generator.controller.GenController.batchGenCode()','GET',1,'admin','研发部门','/tool/gen/batchGenCode','127.0.0.1','内网IP','{\"tables\":\"yearbook_classmate\"}',NULL,0,NULL,'2024-03-30 15:05:23',284),(113,'代码生成',2,'com.ruoyi.generator.controller.GenController.editSave()','PUT',1,'admin','研发部门','/tool/gen','127.0.0.1','内网IP','{\"businessName\":\"classmate\",\"className\":\"Classmate\",\"columns\":[{\"capJavaField\":\"Id\",\"columnComment\":\"ID\",\"columnId\":1,\"columnName\":\"id\",\"columnType\":\"int\",\"createBy\":\"admin\",\"createTime\":\"2024-03-30 14:54:44\",\"dictType\":\"\",\"edit\":true,\"htmlType\":\"input\",\"increment\":false,\"insert\":true,\"isEdit\":\"1\",\"isIncrement\":\"0\",\"isInsert\":\"1\",\"isList\":\"1\",\"isPk\":\"1\",\"isQuery\":\"1\",\"isRequired\":\"0\",\"javaField\":\"id\",\"javaType\":\"Integer\",\"list\":true,\"params\":{},\"pk\":true,\"query\":true,\"queryType\":\"LIKE\",\"required\":false,\"sort\":1,\"superColumn\":false,\"tableId\":1,\"updateBy\":\"\",\"updateTime\":\"2024-03-30 15:04:17\",\"usableColumn\":false},{\"capJavaField\":\"Password\",\"columnComment\":\"密码\",\"columnId\":2,\"columnName\":\"password\",\"columnType\":\"varchar(16)\",\"createBy\":\"admin\",\"createTime\":\"2024-03-30 14:54:44\",\"dictType\":\"\",\"edit\":false,\"htmlType\":\"input\",\"increment\":false,\"insert\":false,\"isEdit\":\"0\",\"isIncrement\":\"0\",\"isInsert\":\"0\",\"isList\":\"0\",\"isPk\":\"0\",\"isQuery\":\"0\",\"isRequired\":\"0\",\"javaField\":\"password\",\"javaType\":\"String\",\"list\":false,\"params\":{},\"pk\":false,\"query\":false,\"queryType\":\"EQ\",\"required\":false,\"sort\":2,\"superColumn\":false,\"tableId\":1,\"updateBy\":\"\",\"updateTime\":\"2024-03-30 15:04:17\",\"usableColumn\":false},{\"capJavaField\":\"Name\",\"columnComment\":\"姓名\",\"columnId\":3,\"columnName\":\"name\",\"columnType\":\"varchar(10)\",\"createBy\":\"admin\",\"createTime\":\"2024-03-30 14:54:44\",\"dictType\":\"\",\"edit\":true,\"htmlType\":\"input\",\"increment\":false,\"insert\":true,\"isEdit\":\"1\",\"isIncrement\":\"0\",\"isInsert\":\"1\",\"isList\":\"1\",\"isPk\":\"0\",\"isQuery\":\"1\",\"isRequired\":\"1\",\"javaField\":\"name\",\"javaType\":\"String\",\"list\":true,\"params\":{},\"pk\":false,\"query\":true,\"queryType\":\"LIKE\",\"required\":true,\"sort\":3,\"superColumn\":false,\"tableId\":1,\"updateBy\":\"\",\"updateTime\":\"2024-03-30 15:04:17\",\"usableColumn\":false},{\"capJavaField\":\"Nickname\",\"columnComment\":\"昵称\",\"columnId\":4,\"columnName\":\"nickname\",\"columnType\":\"varchar(10)\",\"createBy\":\"admin\",\"createTime\":\"2024-03-30 14:54:44\",\"dictType\":\"\",\"edit\":false,\"htmlType\":\"input\",\"increment\":f','{\"msg\":\"操作成功\",\"code\":200}',0,NULL,'2024-03-30 15:08:21',35),(114,'代码生成',8,'com.ruoyi.generator.controller.GenController.batchGenCode()','GET',1,'admin','研发部门','/tool/gen/batchGenCode','127.0.0.1','内网IP','{\"tables\":\"yearbook_classmate\"}',NULL,0,NULL,'2024-03-30 15:08:24',48),(115,'代码生成',2,'com.ruoyi.generator.controller.GenController.editSave()','PUT',1,'admin','研发部门','/tool/gen','127.0.0.1','内网IP','{\"businessName\":\"classmate\",\"className\":\"Classmate\",\"columns\":[{\"capJavaField\":\"Id\",\"columnComment\":\"ID\",\"columnId\":1,\"columnName\":\"id\",\"columnType\":\"int\",\"createBy\":\"admin\",\"createTime\":\"2024-03-30 14:54:44\",\"dictType\":\"\",\"edit\":true,\"htmlType\":\"input\",\"increment\":false,\"insert\":true,\"isEdit\":\"1\",\"isIncrement\":\"0\",\"isInsert\":\"1\",\"isList\":\"1\",\"isPk\":\"1\",\"isQuery\":\"1\",\"isRequired\":\"0\",\"javaField\":\"id\",\"javaType\":\"Integer\",\"list\":true,\"params\":{},\"pk\":true,\"query\":true,\"queryType\":\"LIKE\",\"required\":false,\"sort\":1,\"superColumn\":false,\"tableId\":1,\"updateBy\":\"\",\"updateTime\":\"2024-03-30 15:08:21\",\"usableColumn\":false},{\"capJavaField\":\"Password\",\"columnComment\":\"密码\",\"columnId\":2,\"columnName\":\"password\",\"columnType\":\"varchar(16)\",\"createBy\":\"admin\",\"createTime\":\"2024-03-30 14:54:44\",\"dictType\":\"\",\"edit\":false,\"htmlType\":\"input\",\"increment\":false,\"insert\":false,\"isEdit\":\"0\",\"isIncrement\":\"0\",\"isInsert\":\"0\",\"isList\":\"0\",\"isPk\":\"0\",\"isQuery\":\"0\",\"isRequired\":\"0\",\"javaField\":\"password\",\"javaType\":\"String\",\"list\":false,\"params\":{},\"pk\":false,\"query\":false,\"queryType\":\"EQ\",\"required\":false,\"sort\":2,\"superColumn\":false,\"tableId\":1,\"updateBy\":\"\",\"updateTime\":\"2024-03-30 15:08:21\",\"usableColumn\":false},{\"capJavaField\":\"Name\",\"columnComment\":\"姓名\",\"columnId\":3,\"columnName\":\"name\",\"columnType\":\"varchar(10)\",\"createBy\":\"admin\",\"createTime\":\"2024-03-30 14:54:44\",\"dictType\":\"\",\"edit\":true,\"htmlType\":\"input\",\"increment\":false,\"insert\":true,\"isEdit\":\"1\",\"isIncrement\":\"0\",\"isInsert\":\"1\",\"isList\":\"1\",\"isPk\":\"0\",\"isQuery\":\"1\",\"isRequired\":\"1\",\"javaField\":\"name\",\"javaType\":\"String\",\"list\":true,\"params\":{},\"pk\":false,\"query\":true,\"queryType\":\"LIKE\",\"required\":true,\"sort\":3,\"superColumn\":false,\"tableId\":1,\"updateBy\":\"\",\"updateTime\":\"2024-03-30 15:08:21\",\"usableColumn\":false},{\"capJavaField\":\"Nickname\",\"columnComment\":\"昵称\",\"columnId\":4,\"columnName\":\"nickname\",\"columnType\":\"varchar(10)\",\"createBy\":\"admin\",\"createTime\":\"2024-03-30 14:54:44\",\"dictType\":\"\",\"edit\":false,\"htmlType\":\"input\",\"increment\":f','{\"msg\":\"操作成功\",\"code\":200}',0,NULL,'2024-03-30 15:22:59',79),(116,'代码生成',8,'com.ruoyi.generator.controller.GenController.batchGenCode()','GET',1,'admin','研发部门','/tool/gen/batchGenCode','127.0.0.1','内网IP','{\"tables\":\"yearbook_classmate\"}',NULL,0,NULL,'2024-03-30 15:23:02',246),(117,'代码生成',8,'com.ruoyi.generator.controller.GenController.batchGenCode()','GET',1,'admin','研发部门','/tool/gen/batchGenCode','127.0.0.1','内网IP','{\"tables\":\"yearbook_classmate\"}',NULL,0,NULL,'2024-03-30 15:32:35',281),(118,'代码生成',2,'com.ruoyi.generator.controller.GenController.editSave()','PUT',1,'admin','研发部门','/tool/gen','127.0.0.1','内网IP','{\"businessName\":\"classmate\",\"className\":\"Classmate\",\"columns\":[{\"capJavaField\":\"Id\",\"columnComment\":\"ID\",\"columnId\":1,\"columnName\":\"id\",\"columnType\":\"int\",\"createBy\":\"admin\",\"createTime\":\"2024-03-30 14:54:44\",\"dictType\":\"\",\"edit\":true,\"htmlType\":\"input\",\"increment\":false,\"insert\":true,\"isEdit\":\"1\",\"isIncrement\":\"0\",\"isInsert\":\"1\",\"isList\":\"1\",\"isPk\":\"1\",\"isQuery\":\"1\",\"isRequired\":\"0\",\"javaField\":\"id\",\"javaType\":\"Integer\",\"list\":true,\"params\":{},\"pk\":true,\"query\":true,\"queryType\":\"LIKE\",\"required\":false,\"sort\":1,\"superColumn\":false,\"tableId\":1,\"updateBy\":\"\",\"updateTime\":\"2024-03-30 15:22:59\",\"usableColumn\":false},{\"capJavaField\":\"Password\",\"columnComment\":\"密码\",\"columnId\":2,\"columnName\":\"password\",\"columnType\":\"varchar(16)\",\"createBy\":\"admin\",\"createTime\":\"2024-03-30 14:54:44\",\"dictType\":\"\",\"edit\":false,\"htmlType\":\"input\",\"increment\":false,\"insert\":false,\"isEdit\":\"0\",\"isIncrement\":\"0\",\"isInsert\":\"0\",\"isList\":\"0\",\"isPk\":\"0\",\"isQuery\":\"0\",\"isRequired\":\"0\",\"javaField\":\"password\",\"javaType\":\"String\",\"list\":false,\"params\":{},\"pk\":false,\"query\":false,\"queryType\":\"EQ\",\"required\":false,\"sort\":2,\"superColumn\":false,\"tableId\":1,\"updateBy\":\"\",\"updateTime\":\"2024-03-30 15:22:59\",\"usableColumn\":false},{\"capJavaField\":\"Name\",\"columnComment\":\"姓名\",\"columnId\":3,\"columnName\":\"name\",\"columnType\":\"varchar(10)\",\"createBy\":\"admin\",\"createTime\":\"2024-03-30 14:54:44\",\"dictType\":\"\",\"edit\":true,\"htmlType\":\"input\",\"increment\":false,\"insert\":true,\"isEdit\":\"1\",\"isIncrement\":\"0\",\"isInsert\":\"1\",\"isList\":\"1\",\"isPk\":\"0\",\"isQuery\":\"1\",\"isRequired\":\"1\",\"javaField\":\"name\",\"javaType\":\"String\",\"list\":true,\"params\":{},\"pk\":false,\"query\":true,\"queryType\":\"LIKE\",\"required\":true,\"sort\":3,\"superColumn\":false,\"tableId\":1,\"updateBy\":\"\",\"updateTime\":\"2024-03-30 15:22:59\",\"usableColumn\":false},{\"capJavaField\":\"Nickname\",\"columnComment\":\"昵称\",\"columnId\":4,\"columnName\":\"nickname\",\"columnType\":\"varchar(10)\",\"createBy\":\"admin\",\"createTime\":\"2024-03-30 14:54:44\",\"dictType\":\"\",\"edit\":false,\"htmlType\":\"input\",\"increment\":f','{\"msg\":\"操作成功\",\"code\":200}',0,NULL,'2024-03-30 15:38:50',141),(119,'代码生成',8,'com.ruoyi.generator.controller.GenController.batchGenCode()','GET',1,'admin','研发部门','/tool/gen/batchGenCode','127.0.0.1','内网IP','{\"tables\":\"yearbook_classmate\"}',NULL,0,NULL,'2024-03-30 15:38:53',198),(120,'代码生成',6,'com.ruoyi.generator.controller.GenController.importTableSave()','POST',1,'admin','研发部门','/tool/gen/importTable','127.0.0.1','内网IP','{\"tables\":\"yearbook_tagboard\"}','{\"msg\":\"操作成功\",\"code\":200}',0,NULL,'2024-03-30 16:07:09',80),(121,'字典类型',1,'com.ruoyi.web.controller.system.SysDictTypeController.add()','POST',1,'admin','研发部门','/system/dict/type','127.0.0.1','内网IP','{\"createBy\":\"admin\",\"dictName\":\"纸条样式\",\"dictType\":\"sys_tag_color\",\"params\":{},\"remark\":\"纸条样式列表\",\"status\":\"0\"}','{\"msg\":\"操作成功\",\"code\":200}',0,NULL,'2024-03-30 16:10:16',16),(122,'字典数据',1,'com.ruoyi.web.controller.system.SysDictDataController.add()','POST',1,'admin','研发部门','/system/dict/data','127.0.0.1','内网IP','{\"createBy\":\"admin\",\"cssClass\":\"#FFDFFF\",\"default\":false,\"dictLabel\":\"a1\",\"dictSort\":1,\"dictType\":\"sys_tag_color\",\"dictValue\":\"a1\",\"listClass\":\"default\",\"params\":{},\"status\":\"0\"}','{\"msg\":\"操作成功\",\"code\":200}',0,NULL,'2024-03-30 16:11:11',15),(123,'字典数据',2,'com.ruoyi.web.controller.system.SysDictDataController.edit()','PUT',1,'admin','研发部门','/system/dict/data','127.0.0.1','内网IP','{\"createBy\":\"admin\",\"createTime\":\"2024-03-30 16:11:11\",\"cssClass\":\"#FFDFFF\",\"default\":false,\"dictCode\":100,\"dictLabel\":\"a1\",\"dictSort\":0,\"dictType\":\"sys_tag_color\",\"dictValue\":\"a1\",\"isDefault\":\"N\",\"listClass\":\"default\",\"params\":{},\"status\":\"0\",\"updateBy\":\"admin\"}','{\"msg\":\"操作成功\",\"code\":200}',0,NULL,'2024-03-30 16:11:27',15),(124,'字典数据',2,'com.ruoyi.web.controller.system.SysDictDataController.edit()','PUT',1,'admin','研发部门','/system/dict/data','127.0.0.1','内网IP','{\"createBy\":\"admin\",\"createTime\":\"2024-03-30 16:11:11\",\"cssClass\":\"#FFDFFF\",\"default\":false,\"dictCode\":100,\"dictLabel\":\"a1\",\"dictSort\":1,\"dictType\":\"sys_tag_color\",\"dictValue\":\"a1\",\"isDefault\":\"N\",\"listClass\":\"default\",\"params\":{},\"remark\":\"a1\",\"status\":\"0\",\"updateBy\":\"admin\"}','{\"msg\":\"操作成功\",\"code\":200}',0,NULL,'2024-03-30 16:11:50',12),(125,'字典数据',1,'com.ruoyi.web.controller.system.SysDictDataController.add()','POST',1,'admin','研发部门','/system/dict/data','127.0.0.1','内网IP','{\"createBy\":\"admin\",\"cssClass\":\"#C3FEC0\",\"default\":false,\"dictLabel\":\"a2\",\"dictSort\":0,\"dictType\":\"sys_tag_color\",\"dictValue\":\"a2\",\"listClass\":\"default\",\"params\":{},\"remark\":\"a2\",\"status\":\"0\"}','{\"msg\":\"操作成功\",\"code\":200}',0,NULL,'2024-03-30 16:12:18',2),(126,'字典数据',2,'com.ruoyi.web.controller.system.SysDictDataController.edit()','PUT',1,'admin','研发部门','/system/dict/data','127.0.0.1','内网IP','{\"createBy\":\"admin\",\"createTime\":\"2024-03-30 16:12:18\",\"cssClass\":\"#C3FEC0\",\"default\":false,\"dictCode\":101,\"dictLabel\":\"a2\",\"dictSort\":1,\"dictType\":\"sys_tag_color\",\"dictValue\":\"a2\",\"isDefault\":\"N\",\"listClass\":\"default\",\"params\":{},\"remark\":\"a2\",\"status\":\"0\",\"updateBy\":\"admin\"}','{\"msg\":\"操作成功\",\"code\":200}',0,NULL,'2024-03-30 16:12:24',25),(127,'字典数据',2,'com.ruoyi.web.controller.system.SysDictDataController.edit()','PUT',1,'admin','研发部门','/system/dict/data','127.0.0.1','内网IP','{\"createBy\":\"admin\",\"createTime\":\"2024-03-30 16:12:18\",\"cssClass\":\"#C3FEC0\",\"default\":false,\"dictCode\":101,\"dictLabel\":\"a2\",\"dictSort\":2,\"dictType\":\"sys_tag_color\",\"dictValue\":\"a2\",\"isDefault\":\"N\",\"listClass\":\"default\",\"params\":{},\"remark\":\"a2\",\"status\":\"0\",\"updateBy\":\"admin\"}','{\"msg\":\"操作成功\",\"code\":200}',0,NULL,'2024-03-30 16:12:30',11),(128,'字典数据',1,'com.ruoyi.web.controller.system.SysDictDataController.add()','POST',1,'admin','研发部门','/system/dict/data','127.0.0.1','内网IP','{\"createBy\":\"admin\",\"cssClass\":\"#FFE3b8\",\"default\":false,\"dictLabel\":\"a3\",\"dictSort\":3,\"dictType\":\"sys_tag_color\",\"dictValue\":\"a3\",\"listClass\":\"default\",\"params\":{},\"remark\":\"a3\",\"status\":\"0\"}','{\"msg\":\"操作成功\",\"code\":200}',0,NULL,'2024-03-30 16:12:48',16),(129,'字典数据',1,'com.ruoyi.web.controller.system.SysDictDataController.add()','POST',1,'admin','研发部门','/system/dict/data','127.0.0.1','内网IP','{\"createBy\":\"admin\",\"cssClass\":\"#CEECFF\",\"default\":false,\"dictLabel\":\"a4\",\"dictSort\":4,\"dictType\":\"sys_tag_color\",\"dictValue\":\"a4\",\"listClass\":\"default\",\"params\":{},\"remark\":\"a4\",\"status\":\"0\"}','{\"msg\":\"操作成功\",\"code\":200}',0,NULL,'2024-03-30 16:13:18',17),(130,'字典数据',1,'com.ruoyi.web.controller.system.SysDictDataController.add()','POST',1,'admin','研发部门','/system/dict/data','127.0.0.1','内网IP','{\"createBy\":\"admin\",\"cssClass\":\"#E8DEFF\",\"default\":false,\"dictLabel\":\"a5\",\"dictSort\":5,\"dictType\":\"sys_tag_color\",\"dictValue\":\"a5\",\"listClass\":\"default\",\"params\":{},\"remark\":\"a5\",\"status\":\"0\"}','{\"msg\":\"操作成功\",\"code\":200}',0,NULL,'2024-03-30 16:13:54',15),(131,'代码生成',2,'com.ruoyi.generator.controller.GenController.editSave()','PUT',1,'admin','研发部门','/tool/gen','127.0.0.1','内网IP','{\"businessName\":\"tagboard\",\"className\":\"Tagboard\",\"columns\":[{\"capJavaField\":\"Id\",\"columnComment\":\"留言ID\",\"columnId\":17,\"columnName\":\"id\",\"columnType\":\"int\",\"createBy\":\"admin\",\"createTime\":\"2024-03-30 16:07:09\",\"dictType\":\"\",\"edit\":true,\"htmlType\":\"input\",\"increment\":true,\"insert\":true,\"isEdit\":\"1\",\"isIncrement\":\"1\",\"isInsert\":\"1\",\"isList\":\"1\",\"isPk\":\"1\",\"isQuery\":\"1\",\"isRequired\":\"0\",\"javaField\":\"id\",\"javaType\":\"Integer\",\"list\":true,\"params\":{},\"pk\":true,\"query\":true,\"queryType\":\"EQ\",\"required\":false,\"sort\":1,\"superColumn\":false,\"tableId\":2,\"updateBy\":\"\",\"usableColumn\":false},{\"capJavaField\":\"ClassId\",\"columnComment\":\"班级ID\",\"columnId\":18,\"columnName\":\"classId\",\"columnType\":\"int\",\"createBy\":\"admin\",\"createTime\":\"2024-03-30 16:07:09\",\"dictType\":\"\",\"edit\":true,\"htmlType\":\"input\",\"increment\":false,\"insert\":true,\"isEdit\":\"1\",\"isIncrement\":\"0\",\"isInsert\":\"1\",\"isList\":\"0\",\"isPk\":\"0\",\"isQuery\":\"0\",\"isRequired\":\"0\",\"javaField\":\"classId\",\"javaType\":\"Integer\",\"list\":false,\"params\":{},\"pk\":false,\"query\":false,\"queryType\":\"EQ\",\"required\":false,\"sort\":2,\"superColumn\":false,\"tableId\":2,\"updateBy\":\"\",\"usableColumn\":false},{\"capJavaField\":\"ClassmateId\",\"columnComment\":\"创建者ID\",\"columnId\":19,\"columnName\":\"classmateId\",\"columnType\":\"int\",\"createBy\":\"admin\",\"createTime\":\"2024-03-30 16:07:09\",\"dictType\":\"\",\"edit\":true,\"htmlType\":\"input\",\"increment\":false,\"insert\":true,\"isEdit\":\"1\",\"isIncrement\":\"0\",\"isInsert\":\"1\",\"isList\":\"1\",\"isPk\":\"0\",\"isQuery\":\"1\",\"isRequired\":\"1\",\"javaField\":\"classmateId\",\"javaType\":\"Integer\",\"list\":true,\"params\":{},\"pk\":false,\"query\":true,\"queryType\":\"EQ\",\"required\":true,\"sort\":3,\"superColumn\":false,\"tableId\":2,\"updateBy\":\"\",\"usableColumn\":false},{\"capJavaField\":\"Message\",\"columnComment\":\"留言内容\",\"columnId\":20,\"columnName\":\"message\",\"columnType\":\"varchar(100)\",\"createBy\":\"admin\",\"createTime\":\"2024-03-30 16:07:09\",\"dictType\":\"\",\"edit\":true,\"htmlType\":\"textarea\",\"increment\":false,\"insert\":true,\"isEdit\":\"1\",\"isIncrement\":\"0\",\"isInsert\":\"1\",\"isList\":\"1\",\"isPk\":\"0\",\"isQuer','{\"msg\":\"操作成功\",\"code\":200}',0,NULL,'2024-03-30 16:19:20',63),(132,'代码生成',2,'com.ruoyi.generator.controller.GenController.editSave()','PUT',1,'admin','研发部门','/tool/gen','127.0.0.1','内网IP','{\"businessName\":\"tagboard\",\"className\":\"Tagboard\",\"columns\":[{\"capJavaField\":\"Id\",\"columnComment\":\"留言ID\",\"columnId\":17,\"columnName\":\"id\",\"columnType\":\"int\",\"createBy\":\"admin\",\"createTime\":\"2024-03-30 16:07:09\",\"dictType\":\"\",\"edit\":true,\"htmlType\":\"input\",\"increment\":true,\"insert\":true,\"isEdit\":\"1\",\"isIncrement\":\"1\",\"isInsert\":\"1\",\"isList\":\"1\",\"isPk\":\"1\",\"isQuery\":\"1\",\"isRequired\":\"0\",\"javaField\":\"id\",\"javaType\":\"Integer\",\"list\":true,\"params\":{},\"pk\":true,\"query\":true,\"queryType\":\"EQ\",\"required\":false,\"sort\":1,\"superColumn\":false,\"tableId\":2,\"updateBy\":\"\",\"updateTime\":\"2024-03-30 16:19:20\",\"usableColumn\":false},{\"capJavaField\":\"ClassId\",\"columnComment\":\"班级ID\",\"columnId\":18,\"columnName\":\"classId\",\"columnType\":\"int\",\"createBy\":\"admin\",\"createTime\":\"2024-03-30 16:07:09\",\"dictType\":\"\",\"edit\":true,\"htmlType\":\"input\",\"increment\":false,\"insert\":true,\"isEdit\":\"1\",\"isIncrement\":\"0\",\"isInsert\":\"1\",\"isList\":\"0\",\"isPk\":\"0\",\"isQuery\":\"0\",\"isRequired\":\"0\",\"javaField\":\"classId\",\"javaType\":\"Integer\",\"list\":false,\"params\":{},\"pk\":false,\"query\":false,\"queryType\":\"EQ\",\"required\":false,\"sort\":2,\"superColumn\":false,\"tableId\":2,\"updateBy\":\"\",\"updateTime\":\"2024-03-30 16:19:20\",\"usableColumn\":false},{\"capJavaField\":\"ClassmateId\",\"columnComment\":\"创建者ID\",\"columnId\":19,\"columnName\":\"classmateId\",\"columnType\":\"int\",\"createBy\":\"admin\",\"createTime\":\"2024-03-30 16:07:09\",\"dictType\":\"\",\"edit\":true,\"htmlType\":\"input\",\"increment\":false,\"insert\":true,\"isEdit\":\"1\",\"isIncrement\":\"0\",\"isInsert\":\"1\",\"isList\":\"0\",\"isPk\":\"0\",\"isQuery\":\"0\",\"isRequired\":\"0\",\"javaField\":\"classmateId\",\"javaType\":\"Integer\",\"list\":false,\"params\":{},\"pk\":false,\"query\":false,\"queryType\":\"EQ\",\"required\":false,\"sort\":3,\"superColumn\":false,\"tableId\":2,\"updateBy\":\"\",\"updateTime\":\"2024-03-30 16:19:20\",\"usableColumn\":false},{\"capJavaField\":\"Message\",\"columnComment\":\"留言内容\",\"columnId\":20,\"columnName\":\"message\",\"columnType\":\"varchar(100)\",\"createBy\":\"admin\",\"createTime\":\"2024-03-30 16:07:09\",\"dictType\":\"\",\"edit\":true,\"htmlType\":\"textarea\",\"','{\"msg\":\"操作成功\",\"code\":200}',0,NULL,'2024-03-30 16:27:18',62),(133,'代码生成',8,'com.ruoyi.generator.controller.GenController.batchGenCode()','GET',1,'admin','研发部门','/tool/gen/batchGenCode','127.0.0.1','内网IP','{\"tables\":\"yearbook_tagboard\"}',NULL,0,NULL,'2024-03-30 16:27:21',215),(134,'留言条',2,'com.ruoyi.web.controller.yearbook.TagboardController.edit()','PUT',1,'admin','研发部门','/yearbook/tagboard','127.0.0.1','内网IP','{\"classId\":100001,\"classmateId\":100001004,\"createBy\":\"田兰兰\",\"createTime\":\"2023-12-19 20:23:36\",\"id\":4,\"message\":\"Hello，Every One！\",\"params\":{},\"tagStyle\":\"a4\"}','{\"msg\":\"操作成功\",\"code\":200}',0,NULL,'2024-03-30 16:32:40',25),(135,'留言条',5,'com.ruoyi.web.controller.yearbook.TagboardController.export()','POST',1,'admin','研发部门','/yearbook/tagboard/export','127.0.0.1','内网IP','{\"pageSize\":\"10\",\"pageNum\":\"1\"}',NULL,0,NULL,'2024-03-30 16:33:30',495),(136,'代码生成',2,'com.ruoyi.generator.controller.GenController.editSave()','PUT',1,'admin','研发部门','/tool/gen','127.0.0.1','内网IP','{\"businessName\":\"tagboard\",\"className\":\"Tagboard\",\"columns\":[{\"capJavaField\":\"Id\",\"columnComment\":\"留言ID\",\"columnId\":17,\"columnName\":\"id\",\"columnType\":\"int\",\"createBy\":\"admin\",\"createTime\":\"2024-03-30 16:07:09\",\"dictType\":\"\",\"edit\":true,\"htmlType\":\"input\",\"increment\":true,\"insert\":true,\"isEdit\":\"1\",\"isIncrement\":\"1\",\"isInsert\":\"1\",\"isList\":\"1\",\"isPk\":\"1\",\"isQuery\":\"1\",\"isRequired\":\"0\",\"javaField\":\"id\",\"javaType\":\"Integer\",\"list\":true,\"params\":{},\"pk\":true,\"query\":true,\"queryType\":\"EQ\",\"required\":false,\"sort\":1,\"superColumn\":false,\"tableId\":2,\"updateBy\":\"\",\"updateTime\":\"2024-03-30 16:27:18\",\"usableColumn\":false},{\"capJavaField\":\"ClassId\",\"columnComment\":\"班级ID\",\"columnId\":18,\"columnName\":\"classId\",\"columnType\":\"int\",\"createBy\":\"admin\",\"createTime\":\"2024-03-30 16:07:09\",\"dictType\":\"\",\"edit\":true,\"htmlType\":\"input\",\"increment\":false,\"insert\":true,\"isEdit\":\"1\",\"isIncrement\":\"0\",\"isInsert\":\"1\",\"isList\":\"0\",\"isPk\":\"0\",\"isQuery\":\"0\",\"isRequired\":\"0\",\"javaField\":\"classId\",\"javaType\":\"Integer\",\"list\":false,\"params\":{},\"pk\":false,\"query\":false,\"queryType\":\"EQ\",\"required\":false,\"sort\":2,\"superColumn\":false,\"tableId\":2,\"updateBy\":\"\",\"updateTime\":\"2024-03-30 16:27:18\",\"usableColumn\":false},{\"capJavaField\":\"ClassmateId\",\"columnComment\":\"创建者ID\",\"columnId\":19,\"columnName\":\"classmateId\",\"columnType\":\"int\",\"createBy\":\"admin\",\"createTime\":\"2024-03-30 16:07:09\",\"dictType\":\"\",\"edit\":true,\"htmlType\":\"input\",\"increment\":false,\"insert\":true,\"isEdit\":\"1\",\"isIncrement\":\"0\",\"isInsert\":\"1\",\"isList\":\"0\",\"isPk\":\"0\",\"isQuery\":\"0\",\"isRequired\":\"0\",\"javaField\":\"classmateId\",\"javaType\":\"Integer\",\"list\":false,\"params\":{},\"pk\":false,\"query\":false,\"queryType\":\"EQ\",\"required\":false,\"sort\":3,\"superColumn\":false,\"tableId\":2,\"updateBy\":\"\",\"updateTime\":\"2024-03-30 16:27:18\",\"usableColumn\":false},{\"capJavaField\":\"Message\",\"columnComment\":\"留言内容\",\"columnId\":20,\"columnName\":\"message\",\"columnType\":\"varchar(100)\",\"createBy\":\"admin\",\"createTime\":\"2024-03-30 16:07:09\",\"dictType\":\"\",\"edit\":true,\"htmlType\":\"input\",\"inc','{\"msg\":\"操作成功\",\"code\":200}',0,NULL,'2024-03-30 16:41:06',25),(137,'代码生成',8,'com.ruoyi.generator.controller.GenController.batchGenCode()','GET',1,'admin','研发部门','/tool/gen/batchGenCode','127.0.0.1','内网IP','{\"tables\":\"yearbook_tagboard\"}',NULL,0,NULL,'2024-03-30 16:41:13',28),(138,'留言条',1,'com.ruoyi.web.controller.yearbook.TagboardController.add()','POST',1,'admin','研发部门','/yearbook/tagboard','127.0.0.1','内网IP','{\"classId\":100001,\"classmateId\":100001002,\"createTime\":\"2024-03-30 17:21:15\",\"message\":\"每一天都开开心心\",\"params\":{},\"tagStyle\":\"a2\"}',NULL,1,'\r\n### Error updating database.  Cause: java.sql.SQLException: Field \'createBy\' doesn\'t have a default value\r\n### The error may exist in file [D:\\project\\yearbook\\ruoyi-yearbook\\target\\classes\\mapper\\yearbook\\TagboardMapper.xml]\r\n### The error may involve com.ruoyi.yearbook.mapper.TagboardMapper.insertTagboard-Inline\r\n### The error occurred while setting parameters\r\n### SQL: insert into yearbook_tagboard          ( classId,             classmateId,             message,             tagStyle,                          createTime )           values ( ?,             ?,             ?,             ?,                          ? )\r\n### Cause: java.sql.SQLException: Field \'createBy\' doesn\'t have a default value\n; Field \'createBy\' doesn\'t have a default value; nested exception is java.sql.SQLException: Field \'createBy\' doesn\'t have a default value','2024-03-30 17:21:15',66),(139,'留言条',3,'com.ruoyi.web.controller.yearbook.TagboardController.remove()','DELETE',1,'admin','研发部门','/yearbook/tagboard/31','127.0.0.1','内网IP','{}','{\"msg\":\"操作成功\",\"code\":200}',0,NULL,'2024-03-30 18:16:54',33),(140,'留言条',3,'com.ruoyi.web.controller.yearbook.TagboardController.remove()','DELETE',1,'admin','研发部门','/yearbook/tagboard/33','127.0.0.1','内网IP','{}','{\"msg\":\"操作成功\",\"code\":200}',0,NULL,'2024-03-30 18:41:03',0),(141,'留言条',3,'com.ruoyi.web.controller.yearbook.TagboardController.remove()','DELETE',1,'admin','研发部门','/yearbook/tagboard/34','127.0.0.1','内网IP','{}','{\"msg\":\"操作成功\",\"code\":200}',0,NULL,'2024-03-30 18:41:06',0),(142,'留言条',3,'com.ruoyi.web.controller.yearbook.TagboardController.remove()','DELETE',1,'admin','研发部门','/yearbook/tagboard/30','127.0.0.1','内网IP','{}','{\"msg\":\"操作成功\",\"code\":200}',0,NULL,'2024-03-30 18:43:33',20),(143,'留言条',2,'com.ruoyi.web.controller.yearbook.TagboardController.edit()','PUT',1,'admin','研发部门','/yearbook/tagboard','127.0.0.1','内网IP','{\"classId\":100001,\"classmateId\":100001004,\"createBy\":\"铪\",\"createTime\":\"2024-03-30 17:23:52\",\"id\":32,\"message\":\"图书馆是我的快乐家园\",\"params\":{},\"tagStyle\":\"a3\"}','{\"msg\":\"操作成功\",\"code\":200}',0,NULL,'2024-03-30 18:49:10',17),(144,'留言条',2,'com.ruoyi.web.controller.yearbook.TagboardController.edit()','PUT',1,'admin','研发部门','/yearbook/tagboard','127.0.0.1','内网IP','{\"classId\":100001,\"classmateId\":100001001,\"createBy\":\"田兰兰\",\"createTime\":\"2023-10-09 21:17:25\",\"id\":1,\"message\":\"我们的未来会像星途大海一样广阔\",\"params\":{},\"tagStyle\":\"a2\"}','{\"msg\":\"操作成功\",\"code\":200}',0,NULL,'2024-03-30 20:31:37',0),(145,'留言条',2,'com.ruoyi.web.controller.yearbook.TagboardController.edit()','PUT',1,'admin','研发部门','/yearbook/tagboard','127.0.0.1','内网IP','{\"classId\":100001,\"classmateId\":100001001,\"createBy\":\"田兰兰\",\"createTime\":\"2023-10-09 21:17:25\",\"id\":1,\"message\":\"我们的未来会像星途大海一样广阔一样丰富\",\"params\":{},\"tagStyle\":\"a2\"}','{\"msg\":\"操作成功\",\"code\":200}',0,NULL,'2024-03-30 20:31:48',16),(146,'代码生成',6,'com.ruoyi.generator.controller.GenController.importTableSave()','POST',1,'admin','研发部门','/tool/gen/importTable','127.0.0.1','内网IP','{\"tables\":\"yearbook_topic\"}','{\"msg\":\"操作成功\",\"code\":200}',0,NULL,'2024-04-10 12:21:44',114),(147,'代码生成',2,'com.ruoyi.generator.controller.GenController.editSave()','PUT',1,'admin','研发部门','/tool/gen','127.0.0.1','内网IP','{\"businessName\":\"topic\",\"className\":\"Topic\",\"columns\":[{\"capJavaField\":\"Id\",\"columnComment\":\"话题ID\",\"columnId\":24,\"columnName\":\"id\",\"columnType\":\"int\",\"createBy\":\"admin\",\"createTime\":\"2024-04-10 12:21:44\",\"dictType\":\"\",\"edit\":true,\"htmlType\":\"input\",\"increment\":true,\"insert\":true,\"isEdit\":\"1\",\"isIncrement\":\"1\",\"isInsert\":\"1\",\"isList\":\"1\",\"isPk\":\"0\",\"isQuery\":\"1\",\"isRequired\":\"1\",\"javaField\":\"id\",\"javaType\":\"Integer\",\"list\":true,\"params\":{},\"pk\":false,\"query\":true,\"queryType\":\"EQ\",\"required\":true,\"sort\":1,\"superColumn\":false,\"tableId\":3,\"updateBy\":\"\",\"usableColumn\":false},{\"capJavaField\":\"ClassId\",\"columnComment\":\"班级ID\",\"columnId\":25,\"columnName\":\"classId\",\"columnType\":\"int\",\"createBy\":\"admin\",\"createTime\":\"2024-04-10 12:21:44\",\"dictType\":\"\",\"edit\":true,\"htmlType\":\"input\",\"increment\":false,\"insert\":true,\"isEdit\":\"1\",\"isIncrement\":\"0\",\"isInsert\":\"1\",\"isList\":\"1\",\"isPk\":\"0\",\"isQuery\":\"1\",\"isRequired\":\"0\",\"javaField\":\"classId\",\"javaType\":\"Integer\",\"list\":true,\"params\":{},\"pk\":false,\"query\":true,\"queryType\":\"EQ\",\"required\":false,\"sort\":2,\"superColumn\":false,\"tableId\":3,\"updateBy\":\"\",\"usableColumn\":false},{\"capJavaField\":\"ClassmateId\",\"columnComment\":\"创建者ID\",\"columnId\":26,\"columnName\":\"classmateId\",\"columnType\":\"int\",\"createBy\":\"admin\",\"createTime\":\"2024-04-10 12:21:44\",\"dictType\":\"\",\"edit\":true,\"htmlType\":\"input\",\"increment\":false,\"insert\":true,\"isEdit\":\"1\",\"isIncrement\":\"0\",\"isInsert\":\"1\",\"isList\":\"1\",\"isPk\":\"0\",\"isQuery\":\"1\",\"isRequired\":\"0\",\"javaField\":\"classmateId\",\"javaType\":\"Integer\",\"list\":true,\"params\":{},\"pk\":false,\"query\":true,\"queryType\":\"EQ\",\"required\":false,\"sort\":3,\"superColumn\":false,\"tableId\":3,\"updateBy\":\"\",\"usableColumn\":false},{\"capJavaField\":\"Title\",\"columnComment\":\"标题\",\"columnId\":27,\"columnName\":\"title\",\"columnType\":\"varchar(100)\",\"createBy\":\"admin\",\"createTime\":\"2024-04-10 12:21:44\",\"dictType\":\"\",\"edit\":true,\"htmlType\":\"input\",\"increment\":false,\"insert\":true,\"isEdit\":\"1\",\"isIncrement\":\"0\",\"isInsert\":\"1\",\"isList\":\"1\",\"isPk\":\"0\",\"isQuery\":\"1\",\"isRequir','{\"msg\":\"操作成功\",\"code\":200}',0,NULL,'2024-04-10 12:24:20',38),(148,'字典类型',1,'com.ruoyi.web.controller.system.SysDictTypeController.add()','POST',1,'admin','研发部门','/system/dict/type','127.0.0.1','内网IP','{\"createBy\":\"admin\",\"dictName\":\"话题类别\",\"dictType\":\"sys_topic_type\",\"params\":{},\"remark\":\"话题分类列表\",\"status\":\"0\"}','{\"msg\":\"操作成功\",\"code\":200}',0,NULL,'2024-04-10 12:37:31',13),(149,'字典数据',1,'com.ruoyi.web.controller.system.SysDictDataController.add()','POST',1,'admin','研发部门','/system/dict/data','127.0.0.1','内网IP','{\"createBy\":\"admin\",\"default\":false,\"dictLabel\":\"全部\",\"dictSort\":1,\"dictType\":\"sys_topic_type\",\"dictValue\":\"全部\",\"listClass\":\"default\",\"params\":{},\"status\":\"0\"}','{\"msg\":\"操作成功\",\"code\":200}',0,NULL,'2024-04-10 12:39:02',11),(150,'字典数据',2,'com.ruoyi.web.controller.system.SysDictDataController.edit()','PUT',1,'admin','研发部门','/system/dict/data','127.0.0.1','内网IP','{\"createBy\":\"admin\",\"createTime\":\"2024-04-10 12:39:02\",\"default\":false,\"dictCode\":106,\"dictLabel\":\"全部\",\"dictSort\":1,\"dictType\":\"sys_topic_type\",\"dictValue\":\"全部\",\"isDefault\":\"N\",\"listClass\":\"default\",\"params\":{},\"remark\":\"全部话题\",\"status\":\"0\",\"updateBy\":\"admin\"}','{\"msg\":\"操作成功\",\"code\":200}',0,NULL,'2024-04-10 12:39:39',12),(151,'字典数据',1,'com.ruoyi.web.controller.system.SysDictDataController.add()','POST',1,'admin','研发部门','/system/dict/data','127.0.0.1','内网IP','{\"createBy\":\"admin\",\"default\":false,\"dictLabel\":\"学习\",\"dictSort\":2,\"dictType\":\"sys_topic_type\",\"dictValue\":\"学习\",\"listClass\":\"default\",\"params\":{},\"remark\":\"学习话题\",\"status\":\"0\"}','{\"msg\":\"操作成功\",\"code\":200}',0,NULL,'2024-04-10 12:40:09',10),(152,'字典数据',1,'com.ruoyi.web.controller.system.SysDictDataController.add()','POST',1,'admin','研发部门','/system/dict/data','127.0.0.1','内网IP','{\"createBy\":\"admin\",\"default\":false,\"dictLabel\":\"生活\",\"dictSort\":3,\"dictType\":\"sys_topic_type\",\"dictValue\":\"生活\",\"listClass\":\"default\",\"params\":{},\"remark\":\"生活话题\",\"status\":\"0\"}','{\"msg\":\"操作成功\",\"code\":200}',0,NULL,'2024-04-10 12:48:23',14),(153,'字典数据',1,'com.ruoyi.web.controller.system.SysDictDataController.add()','POST',1,'admin','研发部门','/system/dict/data','127.0.0.1','内网IP','{\"createBy\":\"admin\",\"default\":false,\"dictLabel\":\"情感\",\"dictSort\":4,\"dictType\":\"sys_topic_type\",\"dictValue\":\"情感\",\"listClass\":\"default\",\"params\":{},\"remark\":\"情感话题\",\"status\":\"0\"}','{\"msg\":\"操作成功\",\"code\":200}',0,NULL,'2024-04-10 12:48:49',13),(154,'字典数据',1,'com.ruoyi.web.controller.system.SysDictDataController.add()','POST',1,'admin','研发部门','/system/dict/data','127.0.0.1','内网IP','{\"createBy\":\"admin\",\"default\":false,\"dictLabel\":\"娱乐\",\"dictSort\":5,\"dictType\":\"sys_topic_type\",\"dictValue\":\"娱乐\",\"listClass\":\"default\",\"params\":{},\"remark\":\"娱乐话题\",\"status\":\"0\"}','{\"msg\":\"操作成功\",\"code\":200}',0,NULL,'2024-04-10 12:49:09',15),(155,'代码生成',2,'com.ruoyi.generator.controller.GenController.editSave()','PUT',1,'admin','研发部门','/tool/gen','127.0.0.1','内网IP','{\"businessName\":\"topic\",\"className\":\"Topic\",\"columns\":[{\"capJavaField\":\"Id\",\"columnComment\":\"话题ID\",\"columnId\":24,\"columnName\":\"id\",\"columnType\":\"int\",\"createBy\":\"admin\",\"createTime\":\"2024-04-10 12:21:44\",\"dictType\":\"\",\"edit\":true,\"htmlType\":\"input\",\"increment\":true,\"insert\":true,\"isEdit\":\"1\",\"isIncrement\":\"1\",\"isInsert\":\"1\",\"isList\":\"1\",\"isPk\":\"0\",\"isQuery\":\"1\",\"isRequired\":\"0\",\"javaField\":\"id\",\"javaType\":\"Integer\",\"list\":true,\"params\":{},\"pk\":false,\"query\":true,\"queryType\":\"EQ\",\"required\":false,\"sort\":1,\"superColumn\":false,\"tableId\":3,\"updateBy\":\"\",\"updateTime\":\"2024-04-10 12:24:20\",\"usableColumn\":false},{\"capJavaField\":\"ClassId\",\"columnComment\":\"班级ID\",\"columnId\":25,\"columnName\":\"classId\",\"columnType\":\"int\",\"createBy\":\"admin\",\"createTime\":\"2024-04-10 12:21:44\",\"dictType\":\"\",\"edit\":true,\"htmlType\":\"input\",\"increment\":false,\"insert\":true,\"isEdit\":\"1\",\"isIncrement\":\"0\",\"isInsert\":\"1\",\"isList\":\"0\",\"isPk\":\"0\",\"isQuery\":\"0\",\"isRequired\":\"0\",\"javaField\":\"classId\",\"javaType\":\"Integer\",\"list\":false,\"params\":{},\"pk\":false,\"query\":false,\"queryType\":\"EQ\",\"required\":false,\"sort\":2,\"superColumn\":false,\"tableId\":3,\"updateBy\":\"\",\"updateTime\":\"2024-04-10 12:24:20\",\"usableColumn\":false},{\"capJavaField\":\"ClassmateId\",\"columnComment\":\"创建者ID\",\"columnId\":26,\"columnName\":\"classmateId\",\"columnType\":\"int\",\"createBy\":\"admin\",\"createTime\":\"2024-04-10 12:21:44\",\"dictType\":\"\",\"edit\":true,\"htmlType\":\"input\",\"increment\":false,\"insert\":true,\"isEdit\":\"1\",\"isIncrement\":\"0\",\"isInsert\":\"1\",\"isList\":\"0\",\"isPk\":\"0\",\"isQuery\":\"0\",\"isRequired\":\"0\",\"javaField\":\"classmateId\",\"javaType\":\"Integer\",\"list\":false,\"params\":{},\"pk\":false,\"query\":false,\"queryType\":\"EQ\",\"required\":false,\"sort\":3,\"superColumn\":false,\"tableId\":3,\"updateBy\":\"\",\"updateTime\":\"2024-04-10 12:24:20\",\"usableColumn\":false},{\"capJavaField\":\"Title\",\"columnComment\":\"标题\",\"columnId\":27,\"columnName\":\"title\",\"columnType\":\"varchar(100)\",\"createBy\":\"admin\",\"createTime\":\"2024-04-10 12:21:44\",\"dictType\":\"\",\"edit\":true,\"htmlType\":\"input\",\"increment\":fal','{\"msg\":\"操作成功\",\"code\":200}',0,NULL,'2024-04-10 13:06:13',59),(156,'代码生成',8,'com.ruoyi.generator.controller.GenController.batchGenCode()','GET',1,'admin','研发部门','/tool/gen/batchGenCode','127.0.0.1','内网IP','{\"tables\":\"yearbook_topic\"}',NULL,0,NULL,'2024-04-10 13:06:21',131),(157,'代码生成',8,'com.ruoyi.generator.controller.GenController.batchGenCode()','GET',1,'admin','研发部门','/tool/gen/batchGenCode','127.0.0.1','内网IP','{\"tables\":\"yearbook_classmate\"}',NULL,0,NULL,'2024-04-10 13:06:43',122),(158,'代码生成',8,'com.ruoyi.generator.controller.GenController.batchGenCode()','GET',1,'admin','研发部门','/tool/gen/batchGenCode','127.0.0.1','内网IP','{\"tables\":\"yearbook_topic\"}',NULL,0,NULL,'2024-04-10 13:08:12',105),(159,'代码生成',8,'com.ruoyi.generator.controller.GenController.batchGenCode()','GET',1,'admin','研发部门','/tool/gen/batchGenCode','127.0.0.1','内网IP','{\"tables\":\"yearbook_topic\"}',NULL,0,NULL,'2024-04-10 13:08:39',28),(160,'代码生成',8,'com.ruoyi.generator.controller.GenController.batchGenCode()','GET',1,'admin','研发部门','/tool/gen/batchGenCode','127.0.0.1','内网IP','{\"tables\":\"yearbook_topic\"}',NULL,0,NULL,'2024-04-10 13:09:11',27),(161,'代码生成',8,'com.ruoyi.generator.controller.GenController.batchGenCode()','GET',1,'admin','研发部门','/tool/gen/batchGenCode','127.0.0.1','内网IP','{\"tables\":\"yearbook_topic\"}',NULL,0,NULL,'2024-04-10 13:09:32',100),(162,'字典类型',3,'com.ruoyi.web.controller.system.SysDictDataController.remove()','DELETE',1,'admin','研发部门','/system/dict/data/106','127.0.0.1','内网IP','{}','{\"msg\":\"操作成功\",\"code\":200}',0,NULL,'2024-04-10 13:32:56',24),(163,'字典数据',2,'com.ruoyi.web.controller.system.SysDictDataController.edit()','PUT',1,'admin','研发部门','/system/dict/data','127.0.0.1','内网IP','{\"createBy\":\"admin\",\"createTime\":\"2024-04-10 12:40:09\",\"default\":false,\"dictCode\":107,\"dictLabel\":\"学习\",\"dictSort\":1,\"dictType\":\"sys_topic_type\",\"dictValue\":\"学习\",\"isDefault\":\"N\",\"listClass\":\"default\",\"params\":{},\"remark\":\"学习话题\",\"status\":\"0\",\"updateBy\":\"admin\"}','{\"msg\":\"操作成功\",\"code\":200}',0,NULL,'2024-04-10 13:33:03',24),(164,'字典数据',2,'com.ruoyi.web.controller.system.SysDictDataController.edit()','PUT',1,'admin','研发部门','/system/dict/data','127.0.0.1','内网IP','{\"createBy\":\"admin\",\"createTime\":\"2024-04-10 12:48:23\",\"default\":false,\"dictCode\":108,\"dictLabel\":\"生活\",\"dictSort\":2,\"dictType\":\"sys_topic_type\",\"dictValue\":\"生活\",\"isDefault\":\"N\",\"listClass\":\"default\",\"params\":{},\"remark\":\"生活话题\",\"status\":\"0\",\"updateBy\":\"admin\"}','{\"msg\":\"操作成功\",\"code\":200}',0,NULL,'2024-04-10 13:33:07',23),(165,'字典数据',2,'com.ruoyi.web.controller.system.SysDictDataController.edit()','PUT',1,'admin','研发部门','/system/dict/data','127.0.0.1','内网IP','{\"createBy\":\"admin\",\"createTime\":\"2024-04-10 12:48:49\",\"default\":false,\"dictCode\":109,\"dictLabel\":\"情感\",\"dictSort\":3,\"dictType\":\"sys_topic_type\",\"dictValue\":\"情感\",\"isDefault\":\"N\",\"listClass\":\"default\",\"params\":{},\"remark\":\"情感话题\",\"status\":\"0\",\"updateBy\":\"admin\"}','{\"msg\":\"操作成功\",\"code\":200}',0,NULL,'2024-04-10 13:33:11',12),(166,'字典数据',2,'com.ruoyi.web.controller.system.SysDictDataController.edit()','PUT',1,'admin','研发部门','/system/dict/data','127.0.0.1','内网IP','{\"createBy\":\"admin\",\"createTime\":\"2024-04-10 12:49:09\",\"default\":false,\"dictCode\":110,\"dictLabel\":\"娱乐\",\"dictSort\":4,\"dictType\":\"sys_topic_type\",\"dictValue\":\"娱乐\",\"isDefault\":\"N\",\"listClass\":\"default\",\"params\":{},\"remark\":\"娱乐话题\",\"status\":\"0\",\"updateBy\":\"admin\"}','{\"msg\":\"操作成功\",\"code\":200}',0,NULL,'2024-04-10 13:33:15',23),(167,'菜单管理',2,'com.ruoyi.web.controller.system.SysMenuController.edit()','PUT',1,'admin','研发部门','/system/menu','127.0.0.1','内网IP','{\"children\":[],\"component\":\"system/notice/index\",\"createTime\":\"2024-03-28 16:13:36\",\"icon\":\"message\",\"isCache\":\"0\",\"isFrame\":\"1\",\"menuId\":107,\"menuName\":\"通知公告\",\"menuType\":\"C\",\"orderNum\":4,\"params\":{},\"parentId\":2000,\"path\":\"notice\",\"perms\":\"system:notice:list\",\"query\":\"\",\"status\":\"0\",\"updateBy\":\"admin\",\"visible\":\"0\"}','{\"msg\":\"操作成功\",\"code\":200}',0,NULL,'2024-04-10 13:49:20',19),(168,'通知公告',2,'com.ruoyi.web.controller.system.SysNoticeController.edit()','PUT',1,'admin','研发部门','/system/notice','127.0.0.1','内网IP','{\"createBy\":\"admin\",\"createTime\":\"2024-03-28 16:13:38\",\"noticeContent\":\"新版本内容\",\"noticeId\":1,\"noticeTitle\":\"温馨提醒：2018-07-01 若依新版本发布啦\",\"noticeType\":\"2\",\"params\":{},\"remark\":\"管理员\",\"status\":\"1\",\"updateBy\":\"admin\"}','{\"msg\":\"操作成功\",\"code\":200}',0,NULL,'2024-04-10 13:50:10',15),(169,'通知公告',2,'com.ruoyi.web.controller.system.SysNoticeController.edit()','PUT',1,'admin','研发部门','/system/notice','127.0.0.1','内网IP','{\"createBy\":\"admin\",\"createTime\":\"2024-03-28 16:13:38\",\"noticeContent\":\"<p>新版本内容</p>\",\"noticeId\":1,\"noticeTitle\":\"温馨提醒：2018-07-01 若依新版本发布啦\",\"noticeType\":\"2\",\"params\":{},\"remark\":\"管理员\",\"status\":\"0\",\"updateBy\":\"admin\",\"updateTime\":\"2024-04-10 13:50:10\"}','{\"msg\":\"操作成功\",\"code\":200}',0,NULL,'2024-04-10 13:50:14',9),(170,'菜单管理',3,'com.ruoyi.web.controller.system.SysMenuController.remove()','DELETE',1,'admin','研发部门','/system/menu/4','127.0.0.1','内网IP','{}','{\"msg\":\"菜单已分配,不允许删除\",\"code\":601}',0,NULL,'2024-04-10 13:57:25',8),(171,'字典类型',1,'com.ruoyi.web.controller.system.SysDictTypeController.add()','POST',1,'admin','研发部门','/system/dict/type','127.0.0.1','内网IP','{\"createBy\":\"admin\",\"dictName\":\"学校层次\",\"dictType\":\"sys_school_layer\",\"params\":{},\"remark\":\"学校层次列表\",\"status\":\"0\"}','{\"msg\":\"操作成功\",\"code\":200}',0,NULL,'2024-04-11 09:47:51',14),(172,'字典数据',1,'com.ruoyi.web.controller.system.SysDictDataController.add()','POST',1,'admin','研发部门','/system/dict/data','127.0.0.1','内网IP','{\"createBy\":\"admin\",\"default\":false,\"dictLabel\":\"小学\",\"dictSort\":3,\"dictType\":\"sys_school_layer\",\"dictValue\":\"小学\",\"listClass\":\"default\",\"params\":{},\"remark\":\"小学\",\"status\":\"0\"}','{\"msg\":\"操作成功\",\"code\":200}',0,NULL,'2024-04-11 09:49:57',14),(173,'字典数据',2,'com.ruoyi.web.controller.system.SysDictDataController.edit()','PUT',1,'admin','研发部门','/system/dict/data','127.0.0.1','内网IP','{\"createBy\":\"admin\",\"createTime\":\"2024-04-11 09:49:57\",\"default\":false,\"dictCode\":111,\"dictLabel\":\"小学\",\"dictSort\":1,\"dictType\":\"sys_school_layer\",\"dictValue\":\"小学\",\"isDefault\":\"N\",\"listClass\":\"default\",\"params\":{},\"remark\":\"小学\",\"status\":\"0\",\"updateBy\":\"admin\"}','{\"msg\":\"操作成功\",\"code\":200}',0,NULL,'2024-04-11 09:50:06',11),(174,'字典数据',1,'com.ruoyi.web.controller.system.SysDictDataController.add()','POST',1,'admin','研发部门','/system/dict/data','127.0.0.1','内网IP','{\"createBy\":\"admin\",\"default\":false,\"dictLabel\":\"初中\",\"dictSort\":1,\"dictType\":\"sys_school_layer\",\"dictValue\":\"初中\",\"listClass\":\"default\",\"params\":{},\"remark\":\"初中\",\"status\":\"0\"}','{\"msg\":\"操作成功\",\"code\":200}',0,NULL,'2024-04-11 09:50:31',12),(175,'字典数据',1,'com.ruoyi.web.controller.system.SysDictDataController.add()','POST',1,'admin','研发部门','/system/dict/data','127.0.0.1','内网IP','{\"createBy\":\"admin\",\"default\":false,\"dictLabel\":\"高中\",\"dictSort\":2,\"dictType\":\"sys_school_layer\",\"dictValue\":\"高中\",\"listClass\":\"default\",\"params\":{},\"remark\":\"高中\",\"status\":\"0\"}','{\"msg\":\"操作成功\",\"code\":200}',0,NULL,'2024-04-11 09:50:45',12),(176,'字典数据',2,'com.ruoyi.web.controller.system.SysDictDataController.edit()','PUT',1,'admin','研发部门','/system/dict/data','127.0.0.1','内网IP','{\"createBy\":\"admin\",\"createTime\":\"2024-04-11 09:50:31\",\"default\":false,\"dictCode\":112,\"dictLabel\":\"初中\",\"dictSort\":2,\"dictType\":\"sys_school_layer\",\"dictValue\":\"初中\",\"isDefault\":\"N\",\"listClass\":\"default\",\"params\":{},\"remark\":\"初中\",\"status\":\"0\",\"updateBy\":\"admin\"}','{\"msg\":\"操作成功\",\"code\":200}',0,NULL,'2024-04-11 09:50:51',11),(177,'字典数据',2,'com.ruoyi.web.controller.system.SysDictDataController.edit()','PUT',1,'admin','研发部门','/system/dict/data','127.0.0.1','内网IP','{\"createBy\":\"admin\",\"createTime\":\"2024-04-11 09:50:45\",\"default\":false,\"dictCode\":113,\"dictLabel\":\"高中\",\"dictSort\":3,\"dictType\":\"sys_school_layer\",\"dictValue\":\"高中\",\"isDefault\":\"N\",\"listClass\":\"default\",\"params\":{},\"remark\":\"高中\",\"status\":\"0\",\"updateBy\":\"admin\"}','{\"msg\":\"操作成功\",\"code\":200}',0,NULL,'2024-04-11 09:50:54',11),(178,'字典数据',1,'com.ruoyi.web.controller.system.SysDictDataController.add()','POST',1,'admin','研发部门','/system/dict/data','127.0.0.1','内网IP','{\"createBy\":\"admin\",\"default\":false,\"dictLabel\":\"大学\",\"dictSort\":4,\"dictType\":\"sys_school_layer\",\"dictValue\":\"大学\",\"listClass\":\"default\",\"params\":{},\"remark\":\"大学\",\"status\":\"0\"}','{\"msg\":\"操作成功\",\"code\":200}',0,NULL,'2024-04-11 09:51:09',11),(179,'角色管理',1,'com.ruoyi.web.controller.system.SysRoleController.add()','POST',1,'admin','研发部门','/system/role','127.0.0.1','内网IP','{\"admin\":false,\"createBy\":\"admin\",\"deptCheckStrictly\":true,\"deptIds\":[],\"flag\":false,\"menuCheckStrictly\":true,\"menuIds\":[2000,2001,2004,2005,2006,2007,2008,2009,2002,2010,2011,2013,2014,2015,2003,2016,2017,2018,2019,2020,2021,107,1035,1036,1037,1038],\"params\":{},\"roleId\":100,\"roleKey\":\"classes\",\"roleName\":\"班级\",\"roleSort\":3,\"status\":\"0\"}','{\"msg\":\"操作成功\",\"code\":200}',0,NULL,'2024-04-11 10:22:34',45),(180,'用户管理',1,'com.ruoyi.web.controller.system.SysUserController.add()','POST',1,'admin','研发部门','/system/user','127.0.0.1','内网IP','{\"admin\":false,\"createBy\":\"admin\",\"nickName\":\"软件工程201\",\"params\":{},\"postIds\":[],\"roleIds\":[100],\"status\":\"0\",\"userId\":100,\"userName\":\"100001\"}','{\"msg\":\"操作成功\",\"code\":200}',0,NULL,'2024-04-11 10:23:24',103),(181,'用户头像',2,'com.ruoyi.web.controller.system.SysProfileController.avatar()','POST',1,'100001',NULL,'/system/user/profile/avatar','127.0.0.1','内网IP','','{\"msg\":\"操作成功\",\"imgUrl\":\"/profile/avatar/2024/04/11/loginnew_20240411102534A001.png\",\"code\":200}',0,NULL,'2024-04-11 10:25:34',67),(182,'通知公告',2,'com.ruoyi.web.controller.system.SysNoticeController.edit()','PUT',1,'100001',NULL,'/system/notice','127.0.0.1','内网IP','{\"createBy\":\"admin\",\"createTime\":\"2024-03-28 16:13:38\",\"noticeContent\":\"<p>新版本内容</p>\",\"noticeId\":1,\"noticeTitle\":\"开学日:2023-09-03\",\"noticeType\":\"2\",\"params\":{},\"remark\":\"管理员\",\"status\":\"0\",\"updateBy\":\"100001\",\"updateTime\":\"2024-04-10 13:50:14\"}','{\"msg\":\"操作成功\",\"code\":200}',0,NULL,'2024-04-11 11:53:34',30),(183,'通知公告',2,'com.ruoyi.web.controller.system.SysNoticeController.edit()','PUT',1,'100001',NULL,'/system/notice','127.0.0.1','内网IP','{\"createBy\":\"admin\",\"createTime\":\"2024-03-28 16:13:38\",\"noticeContent\":\"<p>维护内容</p>\",\"noticeId\":2,\"noticeTitle\":\"英语四级考试时间:2023-12-01\",\"noticeType\":\"2\",\"params\":{},\"remark\":\"管理员\",\"status\":\"0\",\"updateBy\":\"100001\"}','{\"msg\":\"操作成功\",\"code\":200}',0,NULL,'2024-04-11 11:54:07',11),(184,'通知公告',1,'com.ruoyi.web.controller.system.SysNoticeController.add()','POST',1,'100001',NULL,'/system/notice','127.0.0.1','内网IP','{\"createBy\":\"100001\",\"noticeTitle\":\"清明节放假时间:2024-04-03至2024-04-05\",\"noticeType\":\"2\",\"params\":{},\"status\":\"0\"}','{\"msg\":\"操作成功\",\"code\":200}',0,NULL,'2024-04-11 11:55:01',9),(185,'参数管理',2,'com.ruoyi.web.controller.system.SysConfigController.edit()','PUT',1,'admin','研发部门','/system/config','127.0.0.1','内网IP','{\"configId\":5,\"configKey\":\"sys.account.registerUser\",\"configName\":\"账号自助-是否开启用户注册功能\",\"configType\":\"Y\",\"configValue\":\"true\",\"createBy\":\"admin\",\"createTime\":\"2024-03-28 16:13:38\",\"params\":{},\"remark\":\"是否开启注册用户功能（true开启，false关闭）\",\"updateBy\":\"admin\"}','{\"msg\":\"操作成功\",\"code\":200}',0,NULL,'2024-04-23 19:41:37',26),(186,'用户管理',2,'com.ruoyi.web.controller.system.SysUserController.edit()','PUT',1,'admin','研发部门','/system/user','127.0.0.1','内网IP','{\"admin\":false,\"avatar\":\"\",\"createBy\":\"\",\"createTime\":\"2024-04-23 20:27:11\",\"delFlag\":\"0\",\"email\":\"\",\"loginDate\":\"2024-04-23 22:47:45\",\"loginIp\":\"127.0.0.1\",\"nickName\":\"软件工程202\",\"params\":{},\"phonenumber\":\"\",\"postIds\":[],\"roleIds\":[100],\"roles\":[],\"sex\":\"0\",\"status\":\"0\",\"updateBy\":\"admin\",\"userId\":101,\"userName\":\"100002\"}','{\"msg\":\"操作成功\",\"code\":200}',0,NULL,'2024-04-24 09:06:57',34),(187,'用户管理',2,'com.ruoyi.web.controller.system.SysUserController.edit()','PUT',1,'admin','研发部门','/system/user','127.0.0.1','内网IP','{\"admin\":false,\"avatar\":\"\",\"createBy\":\"\",\"createTime\":\"2024-04-23 20:39:38\",\"delFlag\":\"0\",\"email\":\"\",\"loginIp\":\"\",\"nickName\":\"软件工程203\",\"params\":{},\"phonenumber\":\"\",\"postIds\":[],\"roleIds\":[100],\"roles\":[],\"sex\":\"0\",\"status\":\"0\",\"updateBy\":\"admin\",\"userId\":102,\"userName\":\"100003\"}','{\"msg\":\"操作成功\",\"code\":200}',0,NULL,'2024-04-24 09:07:08',16),(188,'用户管理',2,'com.ruoyi.web.controller.system.SysUserController.edit()','PUT',1,'admin','研发部门','/system/user','127.0.0.1','内网IP','{\"admin\":false,\"avatar\":\"\",\"createBy\":\"\",\"createTime\":\"2024-04-23 20:44:54\",\"delFlag\":\"0\",\"email\":\"\",\"loginIp\":\"\",\"nickName\":\"高2019级28班\",\"params\":{},\"phonenumber\":\"\",\"postIds\":[],\"roleIds\":[100],\"roles\":[],\"sex\":\"0\",\"status\":\"0\",\"updateBy\":\"admin\",\"userId\":103,\"userName\":\"100004\"}','{\"msg\":\"操作成功\",\"code\":200}',0,NULL,'2024-04-24 09:07:16',44),(189,'用户管理',2,'com.ruoyi.web.controller.system.SysUserController.edit()','PUT',1,'admin','研发部门','/system/user','127.0.0.1','内网IP','{\"admin\":false,\"avatar\":\"\",\"createBy\":\"\",\"createTime\":\"2024-04-23 23:55:00\",\"delFlag\":\"0\",\"email\":\"\",\"loginIp\":\"\",\"nickName\":\"高2019级22班\",\"params\":{},\"phonenumber\":\"\",\"postIds\":[],\"roleIds\":[100],\"roles\":[],\"sex\":\"0\",\"status\":\"0\",\"updateBy\":\"admin\",\"userId\":104,\"userName\":\"100005\"}','{\"msg\":\"操作成功\",\"code\":200}',0,NULL,'2024-04-24 09:07:24',20),(190,'同学',1,'com.ruoyi.web.controller.yearbook.ClassmateController.add()','POST',1,'100001',NULL,'/yearbook/classmate','127.0.0.1','内网IP','{\"address\":\"四川\",\"gender\":\"女\",\"name\":\"林茜\",\"params\":{},\"phone\":\"17500007720\"}',NULL,1,'\r\n### Error updating database.  Cause: java.sql.SQLException: Field \'id\' doesn\'t have a default value\r\n### The error may exist in file [D:\\project\\yearbook\\ruoyi-yearbook\\target\\classes\\mapper\\yearbook\\ClassmateMapper.xml]\r\n### The error may involve com.ruoyi.yearbook.mapper.ClassmateMapper.insertClassmate-Inline\r\n### The error occurred while setting parameters\r\n### SQL: insert into yearbook_classmate          ( name,                          gender,                                                                              address,                                       phone )           values ( ?,                          ?,                                                                              ?,                                       ? )\r\n### Cause: java.sql.SQLException: Field \'id\' doesn\'t have a default value\n; Field \'id\' doesn\'t have a default value; nested exception is java.sql.SQLException: Field \'id\' doesn\'t have a default value','2024-04-24 12:17:55',59),(191,'个人信息',2,'com.ruoyi.web.controller.system.SysProfileController.updateProfile()','PUT',1,'100001',NULL,'/system/user/profile','127.0.0.1','内网IP','{\"admin\":false,\"nickName\":\"软件工程201\",\"params\":{},\"schoolLayer\":\"高中\",\"schoolName\":\"重庆文理学院\",\"userName\":\"100001\"}','{\"msg\":\"操作成功\",\"code\":200}',0,NULL,'2024-04-24 14:56:20',31),(192,'个人信息',2,'com.ruoyi.web.controller.system.SysProfileController.updateProfile()','PUT',1,'100001',NULL,'/system/user/profile','127.0.0.1','内网IP','{\"admin\":false,\"nickName\":\"软件工程201\",\"params\":{},\"schoolLayer\":\"初中\",\"schoolName\":\"重庆文理学院\",\"userName\":\"100001\"}','{\"msg\":\"操作成功\",\"code\":200}',0,NULL,'2024-04-24 14:56:32',11),(193,'个人信息',2,'com.ruoyi.web.controller.system.SysProfileController.updateProfile()','PUT',1,'100001',NULL,'/system/user/profile','127.0.0.1','内网IP','{\"admin\":false,\"nickName\":\"软件工程201\",\"params\":{},\"schoolLayer\":\"初中\",\"schoolName\":\"重庆文理学院\",\"userName\":\"100001\"}','{\"msg\":\"操作成功\",\"code\":200}',0,NULL,'2024-04-24 14:56:45',8),(194,'个人信息',2,'com.ruoyi.web.controller.system.SysProfileController.updateProfile()','PUT',1,'100001',NULL,'/system/user/profile','127.0.0.1','内网IP','{\"admin\":false,\"nickName\":\"软件工程201\",\"params\":{},\"schoolLayer\":\"小学\",\"schoolName\":\"重庆文理学院\",\"userName\":\"100001\"}','{\"msg\":\"操作成功\",\"code\":200}',0,NULL,'2024-04-24 14:59:07',20),(195,'个人信息',2,'com.ruoyi.web.controller.system.SysProfileController.updateProfile()','PUT',1,'100001',NULL,'/system/user/profile','127.0.0.1','内网IP','{\"admin\":false,\"nickName\":\"软件工程209\",\"params\":{},\"schoolLayer\":\"大学\",\"schoolName\":\"重庆文理学院\",\"userName\":\"100001\"}','{\"msg\":\"操作成功\",\"code\":200}',0,NULL,'2024-04-24 14:59:17',8),(196,'个人信息',2,'com.ruoyi.web.controller.system.SysProfileController.updateProfile()','PUT',1,'100001',NULL,'/system/user/profile','127.0.0.1','内网IP','{\"admin\":false,\"nickName\":\"软件工程201\",\"params\":{},\"schoolLayer\":\"大学\",\"schoolName\":\"重庆文理学院\",\"userName\":\"100001\"}','{\"msg\":\"操作成功\",\"code\":200}',0,NULL,'2024-04-24 14:59:27',11),(197,'个人信息',2,'com.ruoyi.web.controller.system.SysProfileController.updateProfile()','PUT',1,'100001',NULL,'/system/user/profile','127.0.0.1','内网IP','{\"admin\":false,\"nickName\":\"软件工程201\",\"params\":{},\"schoolLayer\":\"大学\",\"schoolName\":\"重庆文理学院哈哈哈\",\"userName\":\"100001\"}','{\"msg\":\"操作成功\",\"code\":200}',0,NULL,'2024-04-24 14:59:34',10),(198,'个人信息',2,'com.ruoyi.web.controller.system.SysProfileController.updateProfile()','PUT',1,'100001',NULL,'/system/user/profile','127.0.0.1','内网IP','{\"admin\":false,\"nickName\":\"软件工程201\",\"params\":{},\"schoolLayer\":\"初中\",\"schoolName\":\"重庆文理学院\",\"userName\":\"100001\"}','{\"msg\":\"操作成功\",\"code\":200}',0,NULL,'2024-04-24 15:01:16',16),(199,'同学',2,'com.ruoyi.web.controller.yearbook.ClassmateController.edit()','PUT',1,'100001',NULL,'/yearbook/classmate','127.0.0.1','内网IP','{\"address\":\"陕西\",\"birthday\":\"2001-01-01 00:00:00\",\"email\":\"\",\"gender\":\"女\",\"hobby\":\"打羽毛球,,,唱歌\",\"id\":100001001,\"message\":\"大家好，我是一名20岁的大学生，来自重庆。我性格开朗、大方，喜欢与人聊天交朋友。我热爱阅读，喜欢探索新知识，通过阅读不断拓宽自己的视野和知识面。同时，我也具备较好的学习能力和适应能力，能够快速适应新环境和新挑战。\",\"name\":\"之桃\",\"nickname\":\"〆海浔深蓝\",\"params\":{},\"phone\":\"19955660001\",\"profile\":\"upload/100001/image/profile/100001001.png\",\"qq\":\"2137669990\",\"sign\":\"桃之夭夭 灼灼其华\",\"video\":\"/video/staticvideo.mp4\",\"wechat\":\"Wx10000\"}','{\"msg\":\"操作成功\",\"code\":200}',0,NULL,'2024-04-24 15:09:19',11),(200,'同学',1,'com.ruoyi.web.controller.yearbook.ClassmateController.add()','POST',1,'100001',NULL,'/yearbook/classmate','127.0.0.1','内网IP','{\"address\":\"广东\",\"gender\":\"女\",\"name\":\"林灵\",\"params\":{},\"phone\":\"17500001234\"}',NULL,1,'\r\n### Error updating database.  Cause: java.sql.SQLException: Field \'id\' doesn\'t have a default value\r\n### The error may exist in file [D:\\project\\yearbook\\ruoyi-yearbook\\target\\classes\\mapper\\yearbook\\ClassmateMapper.xml]\r\n### The error may involve com.ruoyi.yearbook.mapper.ClassmateMapper.insertClassmate-Inline\r\n### The error occurred while setting parameters\r\n### SQL: insert into yearbook_classmate          ( name,                          gender,                                                                              address,                                       phone )           values ( ?,                          ?,                                                                              ?,                                       ? )\r\n### Cause: java.sql.SQLException: Field \'id\' doesn\'t have a default value\n; Field \'id\' doesn\'t have a default value; nested exception is java.sql.SQLException: Field \'id\' doesn\'t have a default value','2024-04-24 15:17:13',95),(201,'同学',2,'com.ruoyi.web.controller.yearbook.ClassmateController.edit()','PUT',1,'100001',NULL,'/yearbook/classmate','127.0.0.1','内网IP','{\"address\":\"陕西\",\"birthday\":\"2001-01-01 00:00:00\",\"classId\":100001,\"email\":\"\",\"gender\":\"男\",\"hobby\":\"打羽毛球,,,唱歌\",\"id\":100001001,\"message\":\"大家好，我是一名20岁的大学生，来自重庆。我性格开朗、大方，喜欢与人聊天交朋友。我热爱阅读，喜欢探索新知识，通过阅读不断拓宽自己的视野和知识面。同时，我也具备较好的学习能力和适应能力，能够快速适应新环境和新挑战。\",\"name\":\"之桃\",\"nickname\":\"〆海浔深蓝\",\"params\":{},\"phone\":\"19955660001\",\"profile\":\"upload/100001/image/profile/100001001.png\",\"qq\":\"2137669990\",\"sign\":\"桃之夭夭 灼灼其华\",\"video\":\"/video/staticvideo.mp4\",\"wechat\":\"Wx10000\"}','{\"msg\":\"操作成功\",\"code\":200}',0,NULL,'2024-04-24 15:32:30',12),(202,'同学',2,'com.ruoyi.web.controller.yearbook.ClassmateController.edit()','PUT',1,'100001',NULL,'/yearbook/classmate','127.0.0.1','内网IP','{\"address\":\"陕西\",\"birthday\":\"2001-01-01 00:00:00\",\"classId\":100001,\"email\":\"\",\"gender\":\"女\",\"hobby\":\"打羽毛球,,,唱歌\",\"id\":100001001,\"message\":\"大家好，我是一名20岁的大学生，来自重庆。我性格开朗、大方，喜欢与人聊天交朋友。我热爱阅读，喜欢探索新知识，通过阅读不断拓宽自己的视野和知识面。同时，我也具备较好的学习能力和适应能力，能够快速适应新环境和新挑战。\",\"name\":\"之桃\",\"nickname\":\"〆海浔深蓝\",\"params\":{},\"phone\":\"19955660001\",\"profile\":\"upload/100001/image/profile/100001001.png\",\"qq\":\"2137669990\",\"sign\":\"桃之夭夭 灼灼其华\",\"video\":\"/video/staticvideo.mp4\",\"wechat\":\"Wx10000\"}','{\"msg\":\"操作成功\",\"code\":200}',0,NULL,'2024-04-24 15:32:34',8),(203,'个人信息',2,'com.ruoyi.web.controller.system.SysProfileController.updateProfile()','PUT',1,'100001',NULL,'/system/user/profile','127.0.0.1','内网IP','{\"admin\":false,\"nickName\":\"软件工程211\",\"params\":{},\"schoolLayer\":\"大学\",\"schoolName\":\"重庆大学\",\"userName\":\"100001\"}','{\"msg\":\"操作成功\",\"code\":200}',0,NULL,'2024-04-24 16:34:21',13),(204,'同学',2,'com.ruoyi.web.controller.yearbook.ClassmateController.edit()','PUT',1,'100001',NULL,'/yearbook/classmate','127.0.0.1','内网IP','{\"address\":\"重庆\",\"classId\":100001,\"gender\":\"女\",\"id\":100001021,\"name\":\"元霜\\r\\n\",\"nickname\":\"棱棱寒\",\"params\":{},\"profile\":\"upload/100001/image/profile/100001021.png\",\"sign\":\"棱棱子棱棱寒\"}','{\"msg\":\"操作成功\",\"code\":200}',0,NULL,'2024-04-24 17:21:22',26),(205,'同学',2,'com.ruoyi.web.controller.yearbook.ClassmateController.edit()','PUT',1,'100001',NULL,'/yearbook/classmate','127.0.0.1','内网IP','{\"address\":\"陕西\",\"birthday\":\"2001-01-01 00:00:00\",\"classId\":100001,\"email\":\"\",\"gender\":\"男\",\"hobby\":\"打羽毛球,,,唱歌\",\"id\":100001001,\"message\":\"大家好，我是一名20岁的大学生，来自重庆。我性格开朗、大方，喜欢与人聊天交朋友。我热爱阅读，喜欢探索新知识，通过阅读不断拓宽自己的视野和知识面。同时，我也具备较好的学习能力和适应能力，能够快速适应新环境和新挑战。\",\"name\":\"之桃\",\"nickname\":\"〆海浔深蓝\",\"params\":{},\"phone\":\"19955660001\",\"profile\":\"upload/100001/image/profile/100001001.png\",\"qq\":\"2137669990\",\"sign\":\"桃之夭夭 灼灼其华\",\"video\":\"/video/staticvideo.mp4\",\"wechat\":\"Wx10000\"}','{\"msg\":\"操作成功\",\"code\":200}',0,NULL,'2024-04-24 17:21:47',7),(206,'同学',5,'com.ruoyi.web.controller.yearbook.ClassmateController.export()','POST',1,'100001',NULL,'/yearbook/classmate/export','127.0.0.1','内网IP','{\"pageSize\":\"10\",\"pageNum\":\"1\"}',NULL,0,NULL,'2024-04-24 17:22:01',602),(207,'同学',2,'com.ruoyi.web.controller.yearbook.ClassmateController.edit()','PUT',1,'100001',NULL,'/yearbook/classmate','127.0.0.1','内网IP','{\"address\":\"重庆\",\"birthday\":\"2001-01-01 00:00:00\",\"classId\":100001,\"email\":\"\",\"gender\":\"女\",\"hobby\":\"打羽毛球,,,唱歌\",\"id\":100001001,\"message\":\"大家好，我是一名20岁的大学生，来自重庆。我性格开朗、大方，喜欢与人聊天交朋友。我热爱阅读，喜欢探索新知识，通过阅读不断拓宽自己的视野和知识面。同时，我也具备较好的学习能力和适应能力，能够快速适应新环境和新挑战。\",\"name\":\"之桃\",\"nickname\":\"〆海浔深蓝\",\"params\":{},\"phone\":\"19955660001\",\"profile\":\"upload/100001/image/profile/100001001.png\",\"qq\":\"2137669990\",\"sign\":\"桃之夭夭 灼灼其华\",\"video\":\"/video/staticvideo.mp4\",\"wechat\":\"Wx10000\"}','{\"msg\":\"操作成功\",\"code\":200}',0,NULL,'2024-04-24 17:24:26',9),(208,'个人信息',2,'com.ruoyi.web.controller.system.SysProfileController.updateProfile()','PUT',1,'100001',NULL,'/system/user/profile','127.0.0.1','内网IP','{\"admin\":false,\"nickName\":\"软件工程211\",\"params\":{},\"schoolLayer\":\"高中\",\"schoolName\":\"重庆文理学院\",\"userName\":\"100001\"}','{\"msg\":\"操作成功\",\"code\":200}',0,NULL,'2024-04-24 18:18:32',14),(209,'个人信息',2,'com.ruoyi.web.controller.system.SysProfileController.updateProfile()','PUT',1,'100001',NULL,'/system/user/profile','127.0.0.1','内网IP','{\"admin\":false,\"nickName\":\"软件工程201\",\"params\":{},\"schoolLayer\":\"大学\",\"schoolName\":\"重庆文理学院\",\"userName\":\"100001\"}','{\"msg\":\"操作成功\",\"code\":200}',0,NULL,'2024-04-24 18:30:45',10),(210,'同学',1,'com.ruoyi.web.controller.yearbook.ClassmateController.add()','POST',1,'100001',NULL,'/yearbook/classmate','127.0.0.1','内网IP','{\"classId\":100001,\"name\":\"冉彪\",\"params\":{}}','{\"msg\":\"操作失败\",\"code\":500}',0,NULL,'2024-04-26 14:41:08',9),(211,'同学',1,'com.ruoyi.web.controller.yearbook.ClassmateController.add()','POST',1,'100001',NULL,'/yearbook/classmate','127.0.0.1','内网IP','{\"classId\":100001,\"name\":\"冉彪\",\"params\":{}}','{\"msg\":\"操作失败\",\"code\":500}',0,NULL,'2024-04-26 14:43:39',11),(212,'同学',1,'com.ruoyi.web.controller.yearbook.ClassmateController.add()','POST',1,'100001',NULL,'/yearbook/classmate','127.0.0.1','内网IP','{\"classId\":100001,\"name\":\"冉彪\",\"params\":{}}',NULL,1,'Mapper method \'com.ruoyi.yearbook.mapper.ClassmateMapper.selectClassmateMaxIDFromClass\' attempted to return null from a method with a primitive return type (int).','2024-04-26 14:44:49',22),(213,'同学',1,'com.ruoyi.web.controller.yearbook.ClassmateController.add()','POST',1,'100001',NULL,'/yearbook/classmate','127.0.0.1','内网IP','{\"classId\":100001,\"name\":\"冉彪\",\"params\":{}}',NULL,1,'Mapper method \'com.ruoyi.yearbook.mapper.ClassmateMapper.selectClassmateMaxIDFromClass\' attempted to return null from a method with a primitive return type (int).','2024-04-26 14:45:28',4),(214,'同学',1,'com.ruoyi.web.controller.yearbook.ClassmateController.add()','POST',1,'100001',NULL,'/yearbook/classmate','127.0.0.1','内网IP','{\"classId\":100001,\"name\":\"rb\",\"params\":{}}','{\"msg\":\"操作失败\",\"code\":500}',0,NULL,'2024-04-26 14:49:53',10),(215,'同学',1,'com.ruoyi.web.controller.yearbook.ClassmateController.add()','POST',1,'100001',NULL,'/yearbook/classmate','127.0.0.1','内网IP','{\"name\":\"冉彪\",\"params\":{}}',NULL,1,'','2024-04-26 14:50:51',13),(216,'同学',1,'com.ruoyi.web.controller.yearbook.ClassmateController.add()','POST',1,'100001',NULL,'/yearbook/classmate','127.0.0.1','内网IP','{\"address\":\"1\",\"classId\":100001031,\"gender\":\"女\",\"name\":\"透明\",\"params\":{},\"phone\":\"1\"}',NULL,1,'\r\n### Error updating database.  Cause: java.sql.SQLException: Field \'id\' doesn\'t have a default value\r\n### The error may exist in file [D:\\project\\yearbook\\ruoyi-yearbook\\target\\classes\\mapper\\yearbook\\ClassmateMapper.xml]\r\n### The error may involve com.ruoyi.yearbook.mapper.ClassmateMapper.insertClassmate-Inline\r\n### The error occurred while setting parameters\r\n### SQL: insert into yearbook_classmate          ( name,                          gender,                                                                              address,                                       phone )           values ( ?,                          ?,                                                                              ?,                                       ? )\r\n### Cause: java.sql.SQLException: Field \'id\' doesn\'t have a default value\n; Field \'id\' doesn\'t have a default value; nested exception is java.sql.SQLException: Field \'id\' doesn\'t have a default value','2024-04-26 14:52:54',147),(217,'同学',1,'com.ruoyi.web.controller.yearbook.ClassmateController.add()','POST',1,'100001',NULL,'/yearbook/classmate','127.0.0.1','内网IP','{\"address\":\"1\",\"classId\":100001031,\"gender\":\"女\",\"name\":\"透明\",\"params\":{},\"phone\":\"1\"}',NULL,1,'\r\n### Error updating database.  Cause: java.sql.SQLException: Field \'id\' doesn\'t have a default value\r\n### The error may exist in file [D:\\project\\yearbook\\ruoyi-yearbook\\target\\classes\\mapper\\yearbook\\ClassmateMapper.xml]\r\n### The error may involve com.ruoyi.yearbook.mapper.ClassmateMapper.insertClassmate-Inline\r\n### The error occurred while setting parameters\r\n### SQL: insert into yearbook_classmate          ( name,                          gender,                                                                              address,                                       phone )           values ( ?,                          ?,                                                                              ?,                                       ? )\r\n### Cause: java.sql.SQLException: Field \'id\' doesn\'t have a default value\n; Field \'id\' doesn\'t have a default value; nested exception is java.sql.SQLException: Field \'id\' doesn\'t have a default value','2024-04-26 14:52:58',7),(218,'同学',1,'com.ruoyi.web.controller.yearbook.ClassmateController.add()','POST',1,'100001',NULL,'/yearbook/classmate','127.0.0.1','内网IP','{\"address\":\"1\",\"classId\":100001031,\"gender\":\"女\",\"name\":\"透明\",\"params\":{},\"phone\":\"1\"}',NULL,1,'\r\n### Error updating database.  Cause: java.sql.SQLException: Field \'id\' doesn\'t have a default value\r\n### The error may exist in file [D:\\project\\yearbook\\ruoyi-yearbook\\target\\classes\\mapper\\yearbook\\ClassmateMapper.xml]\r\n### The error may involve com.ruoyi.yearbook.mapper.ClassmateMapper.insertClassmate-Inline\r\n### The error occurred while setting parameters\r\n### SQL: insert into yearbook_classmate          ( name,                          gender,                                                                              address,                                       phone )           values ( ?,                          ?,                                                                              ?,                                       ? )\r\n### Cause: java.sql.SQLException: Field \'id\' doesn\'t have a default value\n; Field \'id\' doesn\'t have a default value; nested exception is java.sql.SQLException: Field \'id\' doesn\'t have a default value','2024-04-26 14:53:02',5),(219,'同学',1,'com.ruoyi.web.controller.yearbook.ClassmateController.add()','POST',1,'100001',NULL,'/yearbook/classmate','127.0.0.1','内网IP','{\"address\":\"湖南\",\"classId\":100001,\"gender\":\"女\",\"id\":100001031,\"name\":\"明旅\",\"params\":{},\"phone\":\"17502300000\"}','{\"msg\":\"操作成功\",\"code\":200}',0,NULL,'2024-04-26 14:55:15',77),(220,'同学',3,'com.ruoyi.web.controller.yearbook.ClassmateController.remove()','DELETE',1,'100001',NULL,'/yearbook/classmate/100002001','127.0.0.1','内网IP','{}','{\"msg\":\"操作成功\",\"code\":200}',0,NULL,'2024-04-26 14:55:23',14),(221,'同学',3,'com.ruoyi.web.controller.yearbook.ClassmateController.remove()','DELETE',1,'100001',NULL,'/yearbook/classmate/100001031','127.0.0.1','内网IP','{}','{\"msg\":\"操作成功\",\"code\":200}',0,NULL,'2024-04-26 14:55:26',8),(222,'同学',1,'com.ruoyi.web.controller.yearbook.ClassmateController.add()','POST',1,'100001',NULL,'/yearbook/classmate','127.0.0.1','内网IP','{\"address\":\"湖南\",\"classId\":100001,\"gender\":\"女\",\"id\":100001031,\"name\":\"明旅\",\"params\":{},\"phone\":\"17502300000\"}','{\"msg\":\"操作成功\",\"code\":200}',0,NULL,'2024-04-26 14:55:41',11),(223,'个人信息',2,'com.ruoyi.web.controller.system.SysProfileController.updateProfile()','PUT',1,'100001',NULL,'/system/user/profile','127.0.0.1','内网IP','{\"admin\":false,\"nickName\":\"软件工程202\",\"params\":{},\"schoolLayer\":\"大学\",\"schoolName\":\"重庆文理学院\",\"userName\":\"100001\"}','{\"msg\":\"操作成功\",\"code\":200}',0,NULL,'2024-04-26 15:05:55',12),(224,'同学',2,'com.ruoyi.web.controller.yearbook.ClassmateController.edit()','PUT',1,'100001',NULL,'/yearbook/classmate','127.0.0.1','内网IP','{\"address\":\"重庆\",\"birthday\":\"2001-01-01 00:00:00\",\"classId\":100001,\"email\":\"\",\"gender\":\"女\",\"hobby\":\"打羽毛球,,,唱歌\",\"id\":100001001,\"message\":\"大家好，我是一名20岁的大学生，来自重庆。我性格开朗、大方，喜欢与人聊天交朋友。我热爱阅读，喜欢探索新知识，通过阅读不断拓宽自己的视野和知识面。同时，我也具备较好的学习能力和适应能力，能够快速适应新环境和新挑战。\",\"name\":\"之桃\",\"nickname\":\"〆海浔深蓝\",\"params\":{},\"phone\":\"19955660001\",\"profile\":\"upload/100001/image/profile/100001001.png\",\"qq\":\"2137669990\",\"sign\":\"桃之夭夭 灼灼其华\",\"video\":\"/video/staticvideo.mp4\",\"wechat\":\"Wx10000\"}','{\"msg\":\"操作成功\",\"code\":200}',0,NULL,'2024-04-26 15:06:10',14),(225,'同学',1,'com.ruoyi.web.controller.yearbook.ClassmateController.add()','POST',1,'100001',NULL,'/yearbook/classmate','127.0.0.1','内网IP','{\"classId\":100001,\"gender\":\"男\",\"id\":100001031,\"name\":\"测试\",\"params\":{}}','{\"msg\":\"操作成功\",\"code\":200}',0,NULL,'2024-04-26 15:08:22',10),(226,'个人信息',2,'com.ruoyi.web.controller.system.SysProfileController.updateProfile()','PUT',1,'100001',NULL,'/system/user/profile','127.0.0.1','内网IP','{\"admin\":false,\"nickName\":\"软件工程201\",\"params\":{},\"schoolLayer\":\"大学\",\"schoolName\":\"重庆文理学院\",\"userName\":\"100001\"}','{\"msg\":\"操作成功\",\"code\":200}',0,NULL,'2024-04-26 15:14:30',11),(227,'同学',2,'com.ruoyi.web.controller.yearbook.ClassmateController.edit()','PUT',1,'100001',NULL,'/yearbook/classmate','127.0.0.1','内网IP','{\"address\":\"重庆\",\"birthday\":\"2001-01-01 00:00:00\",\"classId\":100001,\"email\":\"\",\"gender\":\"男\",\"hobby\":\"打羽毛球,,,唱歌\",\"id\":100001001,\"message\":\"大家好，我是一名20岁的大学生，来自重庆。我性格开朗、大方，喜欢与人聊天交朋友。我热爱阅读，喜欢探索新知识，通过阅读不断拓宽自己的视野和知识面。同时，我也具备较好的学习能力和适应能力，能够快速适应新环境和新挑战。\",\"name\":\"之桃\",\"nickname\":\"〆海浔深蓝\",\"params\":{},\"phone\":\"19955660001\",\"profile\":\"upload/100001/image/profile/100001001.png\",\"qq\":\"2137669990\",\"sign\":\"桃之夭夭 灼灼其华\",\"video\":\"/video/staticvideo.mp4\",\"wechat\":\"Wx10000\"}','{\"msg\":\"操作成功\",\"code\":200}',0,NULL,'2024-04-26 15:14:40',9),(228,'同学',1,'com.ruoyi.web.controller.yearbook.ClassmateController.add()','POST',1,'100001',NULL,'/yearbook/classmate','127.0.0.1','内网IP','{\"classId\":100001,\"gender\":\"女\",\"id\":100001031,\"name\":\"测试\",\"params\":{}}',NULL,1,'\r\n### Error updating database.  Cause: java.sql.SQLIntegrityConstraintViolationException: Duplicate entry \'100001031\' for key \'yearbook_classmate.PRIMARY\'\r\n### The error may exist in file [D:\\project\\yearbook\\ruoyi-yearbook\\target\\classes\\mapper\\yearbook\\ClassmateMapper.xml]\r\n### The error may involve com.ruoyi.yearbook.mapper.ClassmateMapper.insertClassmate-Inline\r\n### The error occurred while setting parameters\r\n### SQL: insert into yearbook_classmate          ( id,                          name,                          gender )           values ( ?,                          ?,                          ? )\r\n### Cause: java.sql.SQLIntegrityConstraintViolationException: Duplicate entry \'100001031\' for key \'yearbook_classmate.PRIMARY\'\n; Duplicate entry \'100001031\' for key \'yearbook_classmate.PRIMARY\'; nested exception is java.sql.SQLIntegrityConstraintViolationException: Duplicate entry \'100001031\' for key \'yearbook_classmate.PRIMARY\'','2024-04-26 15:14:47',70),(229,'同学',1,'com.ruoyi.web.controller.yearbook.ClassmateController.add()','POST',1,'100001',NULL,'/yearbook/classmate','127.0.0.1','内网IP','{\"classId\":100001,\"gender\":\"男\",\"id\":100001031,\"name\":\"测试1\",\"params\":{}}',NULL,1,'\r\n### Error updating database.  Cause: java.sql.SQLIntegrityConstraintViolationException: Duplicate entry \'100001031\' for key \'yearbook_classmate.PRIMARY\'\r\n### The error may exist in file [D:\\project\\yearbook\\ruoyi-yearbook\\target\\classes\\mapper\\yearbook\\ClassmateMapper.xml]\r\n### The error may involve com.ruoyi.yearbook.mapper.ClassmateMapper.insertClassmate-Inline\r\n### The error occurred while setting parameters\r\n### SQL: insert into yearbook_classmate          ( id,                          name,                          gender )           values ( ?,                          ?,                          ? )\r\n### Cause: java.sql.SQLIntegrityConstraintViolationException: Duplicate entry \'100001031\' for key \'yearbook_classmate.PRIMARY\'\n; Duplicate entry \'100001031\' for key \'yearbook_classmate.PRIMARY\'; nested exception is java.sql.SQLIntegrityConstraintViolationException: Duplicate entry \'100001031\' for key \'yearbook_classmate.PRIMARY\'','2024-04-26 15:14:54',11),(230,'个人信息',2,'com.ruoyi.web.controller.system.SysProfileController.updateProfile()','PUT',1,'100001',NULL,'/system/user/profile','127.0.0.1','内网IP','{\"admin\":false,\"nickName\":\"软件工程202\",\"params\":{},\"schoolLayer\":\"大学\",\"schoolName\":\"重庆文理学院\",\"userName\":\"100001\"}','{\"msg\":\"操作成功\",\"code\":200}',0,NULL,'2024-04-26 15:18:38',8),(231,'同学',2,'com.ruoyi.web.controller.yearbook.ClassmateController.edit()','PUT',1,'100001',NULL,'/yearbook/classmate','127.0.0.1','内网IP','{\"address\":\"重庆\",\"birthday\":\"2001-01-01 00:00:00\",\"classId\":100001,\"email\":\"\",\"gender\":\"女\",\"hobby\":\"打羽毛球,,,唱歌\",\"id\":100001001,\"message\":\"大家好，我是一名20岁的大学生，来自重庆。我性格开朗、大方，喜欢与人聊天交朋友。我热爱阅读，喜欢探索新知识，通过阅读不断拓宽自己的视野和知识面。同时，我也具备较好的学习能力和适应能力，能够快速适应新环境和新挑战。\",\"name\":\"之桃\",\"nickname\":\"〆海浔深蓝\",\"params\":{},\"phone\":\"19955660001\",\"profile\":\"upload/100001/image/profile/100001001.png\",\"qq\":\"2137669990\",\"sign\":\"桃之夭夭 灼灼其华\",\"video\":\"/video/staticvideo.mp4\",\"wechat\":\"Wx10000\"}','{\"msg\":\"操作成功\",\"code\":200}',0,NULL,'2024-04-26 15:18:48',8),(232,'同学',1,'com.ruoyi.web.controller.yearbook.ClassmateController.add()','POST',1,'100001',NULL,'/yearbook/classmate','127.0.0.1','内网IP','{\"classId\":100001,\"gender\":\"男\",\"id\":100001031,\"name\":\"测试\",\"params\":{}}','{\"msg\":\"操作成功\",\"code\":200}',0,NULL,'2024-04-26 15:18:54',8),(233,'个人信息',2,'com.ruoyi.web.controller.system.SysProfileController.updateProfile()','PUT',1,'100001',NULL,'/system/user/profile','127.0.0.1','内网IP','{\"admin\":false,\"nickName\":\"软件工程201\",\"params\":{},\"schoolLayer\":\"大学\",\"schoolName\":\"重庆文理学院\",\"userName\":\"100001\"}','{\"msg\":\"操作成功\",\"code\":200}',0,NULL,'2024-04-26 15:26:37',10),(234,'同学',1,'com.ruoyi.web.controller.yearbook.ClassmateController.add()','POST',1,'100001',NULL,'/yearbook/classmate','127.0.0.1','内网IP','{\"classId\":100001,\"gender\":\"女\",\"id\":100001031,\"name\":\"ces\",\"params\":{}}',NULL,1,'\r\n### Error updating database.  Cause: java.sql.SQLIntegrityConstraintViolationException: Duplicate entry \'100001031\' for key \'yearbook_classmate.PRIMARY\'\r\n### The error may exist in file [D:\\project\\yearbook\\ruoyi-yearbook\\target\\classes\\mapper\\yearbook\\ClassmateMapper.xml]\r\n### The error may involve com.ruoyi.yearbook.mapper.ClassmateMapper.insertClassmate-Inline\r\n### The error occurred while setting parameters\r\n### SQL: insert into yearbook_classmate          ( id,                          name,                          gender )           values ( ?,                          ?,                          ? )\r\n### Cause: java.sql.SQLIntegrityConstraintViolationException: Duplicate entry \'100001031\' for key \'yearbook_classmate.PRIMARY\'\n; Duplicate entry \'100001031\' for key \'yearbook_classmate.PRIMARY\'; nested exception is java.sql.SQLIntegrityConstraintViolationException: Duplicate entry \'100001031\' for key \'yearbook_classmate.PRIMARY\'','2024-04-26 15:27:07',6),(235,'同学',1,'com.ruoyi.web.controller.yearbook.ClassmateController.add()','POST',1,'100001',NULL,'/yearbook/classmate','127.0.0.1','内网IP','{\"classId\":100001,\"gender\":\"男\",\"id\":100001031,\"name\":\"测试\",\"params\":{}}','{\"msg\":\"操作成功\",\"code\":200}',0,NULL,'2024-04-26 15:29:53',63),(236,'同学',1,'com.ruoyi.web.controller.yearbook.ClassmateController.add()','POST',1,'100001',NULL,'/yearbook/classmate','127.0.0.1','内网IP','{\"classId\":100001,\"gender\":\"女\",\"id\":100001032,\"name\":\"测试\",\"params\":{}}','{\"msg\":\"操作成功\",\"code\":200}',0,NULL,'2024-04-26 15:30:00',22),(237,'同学',3,'com.ruoyi.web.controller.yearbook.ClassmateController.remove()','DELETE',1,'100001',NULL,'/yearbook/classmate/100001032','127.0.0.1','内网IP','{}','{\"msg\":\"操作成功\",\"code\":200}',0,NULL,'2024-04-26 15:30:05',13),(238,'同学',3,'com.ruoyi.web.controller.yearbook.ClassmateController.remove()','DELETE',1,'100001',NULL,'/yearbook/classmate/100001031','127.0.0.1','内网IP','{}','{\"msg\":\"操作成功\",\"code\":200}',0,NULL,'2024-04-26 15:30:08',9),(239,'个人信息',2,'com.ruoyi.web.controller.system.SysProfileController.updateProfile()','PUT',1,'100001',NULL,'/system/user/profile','127.0.0.1','内网IP','{\"admin\":false,\"nickName\":\"软件工程202\",\"params\":{},\"schoolLayer\":\"大学\",\"schoolName\":\"重庆文理学院\",\"userName\":\"100001\"}','{\"msg\":\"操作成功\",\"code\":200}',0,NULL,'2024-04-26 15:32:09',11),(240,'同学',2,'com.ruoyi.web.controller.yearbook.ClassmateController.edit()','PUT',1,'100001',NULL,'/yearbook/classmate','127.0.0.1','内网IP','{\"address\":\"重庆\",\"birthday\":\"2001-01-01 00:00:00\",\"classId\":100001,\"email\":\"\",\"gender\":\"男\",\"hobby\":\"打羽毛球,,,唱歌\",\"id\":100001001,\"message\":\"大家好，我是一名20岁的大学生，来自重庆。我性格开朗、大方，喜欢与人聊天交朋友。我热爱阅读，喜欢探索新知识，通过阅读不断拓宽自己的视野和知识面。同时，我也具备较好的学习能力和适应能力，能够快速适应新环境和新挑战。\",\"name\":\"之桃\",\"nickname\":\"〆海浔深蓝\",\"params\":{},\"phone\":\"19955660001\",\"profile\":\"upload/100001/image/profile/100001001.png\",\"qq\":\"2137669990\",\"sign\":\"桃之夭夭 灼灼其华\",\"video\":\"/video/staticvideo.mp4\",\"wechat\":\"Wx10000\"}','{\"msg\":\"操作成功\",\"code\":200}',0,NULL,'2024-04-26 15:32:19',8),(241,'同学',1,'com.ruoyi.web.controller.yearbook.ClassmateController.add()','POST',1,'100001',NULL,'/yearbook/classmate','127.0.0.1','内网IP','{\"classId\":100001,\"gender\":\"男\",\"id\":100001031,\"name\":\"测试\",\"params\":{}}','{\"msg\":\"操作成功\",\"code\":200}',0,NULL,'2024-04-26 15:32:28',10),(242,'个人信息',2,'com.ruoyi.web.controller.system.SysProfileController.updateProfile()','PUT',1,'100001',NULL,'/system/user/profile','127.0.0.1','内网IP','{\"admin\":false,\"nickName\":\"软件工程201\",\"params\":{},\"schoolLayer\":\"大学\",\"schoolName\":\"重庆文理学院\",\"userName\":\"100001\"}','{\"msg\":\"操作成功\",\"code\":200}',0,NULL,'2024-04-26 15:37:59',10),(243,'同学',1,'com.ruoyi.web.controller.yearbook.ClassmateController.add()','POST',1,'100001',NULL,'/yearbook/classmate','127.0.0.1','内网IP','{\"classId\":100001,\"gender\":\"男\",\"id\":100001032,\"name\":\"测试\",\"params\":{}}','{\"msg\":\"操作成功\",\"code\":200}',0,NULL,'2024-04-26 15:38:13',11),(244,'个人信息',2,'com.ruoyi.web.controller.system.SysProfileController.updateProfile()','PUT',1,'100001',NULL,'/system/user/profile','127.0.0.1','内网IP','{\"admin\":false,\"nickName\":\"软件工程202\",\"params\":{},\"schoolLayer\":\"大学\",\"schoolName\":\"重庆文理学院\",\"userName\":\"100001\"}','{\"msg\":\"操作成功\",\"code\":200}',0,NULL,'2024-04-26 16:03:46',10),(245,'同学',1,'com.ruoyi.web.controller.yearbook.ClassmateController.add()','POST',1,'100001',NULL,'/yearbook/classmate','127.0.0.1','内网IP','{\"classId\":100001,\"gender\":\"男\",\"id\":100001033,\"name\":\"测试\",\"params\":{}}','{\"msg\":\"操作成功\",\"code\":200}',0,NULL,'2024-04-26 16:04:04',8),(246,'个人信息',2,'com.ruoyi.web.controller.system.SysProfileController.updateProfile()','PUT',1,'100001',NULL,'/system/user/profile','127.0.0.1','内网IP','{\"admin\":false,\"nickName\":\"软件工程201\",\"params\":{},\"schoolLayer\":\"大学\",\"schoolName\":\"重庆文理学院\",\"userName\":\"100001\"}','{\"msg\":\"操作成功\",\"code\":200}',0,NULL,'2024-04-26 16:13:21',7),(247,'同学',1,'com.ruoyi.web.controller.yearbook.ClassmateController.add()','POST',1,'100001',NULL,'/yearbook/classmate','127.0.0.1','内网IP','{\"classId\":100001,\"gender\":\"男\",\"id\":100001031,\"name\":\"ces1\",\"params\":{}}','{\"msg\":\"操作成功\",\"code\":200}',0,NULL,'2024-04-26 16:13:35',11),(248,'个人信息',2,'com.ruoyi.web.controller.system.SysProfileController.updateProfile()','PUT',1,'100001',NULL,'/system/user/profile','127.0.0.1','内网IP','{\"admin\":false,\"nickName\":\"软件工程202\",\"params\":{},\"schoolLayer\":\"大学\",\"schoolName\":\"重庆文理学院\",\"userName\":\"100001\"}','{\"msg\":\"操作成功\",\"code\":200}',0,NULL,'2024-04-26 16:21:01',10),(249,'同学',2,'com.ruoyi.web.controller.yearbook.ClassmateController.edit()','PUT',1,'100001',NULL,'/yearbook/classmate','127.0.0.1','内网IP','{\"address\":\"重庆\",\"birthday\":\"2001-01-01 00:00:00\",\"classId\":100001,\"email\":\"\",\"gender\":\"女\",\"hobby\":\"打羽毛球,,,唱歌\",\"id\":100001001,\"message\":\"大家好，我是一名20岁的大学生，来自重庆。我性格开朗、大方，喜欢与人聊天交朋友。我热爱阅读，喜欢探索新知识，通过阅读不断拓宽自己的视野和知识面。同时，我也具备较好的学习能力和适应能力，能够快速适应新环境和新挑战。\",\"name\":\"之桃\",\"nickname\":\"〆海浔深蓝\",\"params\":{},\"phone\":\"19955660001\",\"profile\":\"upload/100001/image/profile/100001001.png\",\"qq\":\"2137669990\",\"sign\":\"桃之夭夭 灼灼其华\",\"video\":\"/video/staticvideo.mp4\",\"wechat\":\"Wx10000\"}','{\"msg\":\"操作成功\",\"code\":200}',0,NULL,'2024-04-26 16:21:12',10),(250,'同学',1,'com.ruoyi.web.controller.yearbook.ClassmateController.add()','POST',1,'100001',NULL,'/yearbook/classmate','127.0.0.1','内网IP','{\"classId\":100001,\"gender\":\"男\",\"id\":100001031,\"name\":\"测试\",\"params\":{}}','{\"msg\":\"操作成功\",\"code\":200}',0,NULL,'2024-04-26 16:21:20',10),(251,'个人信息',2,'com.ruoyi.web.controller.system.SysProfileController.updateProfile()','PUT',1,'100001',NULL,'/system/user/profile','127.0.0.1','内网IP','{\"admin\":false,\"nickName\":\"软件工程201\",\"params\":{},\"schoolLayer\":\"大学\",\"schoolName\":\"重庆文理学院\",\"userName\":\"100001\"}','{\"msg\":\"操作成功\",\"code\":200}',0,NULL,'2024-04-26 16:38:04',16),(252,'同学',2,'com.ruoyi.web.controller.yearbook.ClassmateController.edit()','PUT',1,'100001',NULL,'/yearbook/classmate','127.0.0.1','内网IP','{\"address\":\"重庆\",\"birthday\":\"2001-01-01 00:00:00\",\"classId\":100001,\"email\":\"\",\"gender\":\"男\",\"hobby\":\"打羽毛球,,,唱歌\",\"id\":100001001,\"message\":\"大家好，我是一名20岁的大学生，来自重庆。我性格开朗、大方，喜欢与人聊天交朋友。我热爱阅读，喜欢探索新知识，通过阅读不断拓宽自己的视野和知识面。同时，我也具备较好的学习能力和适应能力，能够快速适应新环境和新挑战。\",\"name\":\"之桃\",\"nickname\":\"〆海浔深蓝\",\"params\":{},\"phone\":\"19955660001\",\"profile\":\"upload/100001/image/profile/100001001.png\",\"qq\":\"2137669990\",\"sign\":\"桃之夭夭 灼灼其华\",\"video\":\"/video/staticvideo.mp4\",\"wechat\":\"Wx10000\"}','{\"msg\":\"操作成功\",\"code\":200}',0,NULL,'2024-04-26 16:38:15',7),(253,'同学',1,'com.ruoyi.web.controller.yearbook.ClassmateController.add()','POST',1,'100001',NULL,'/yearbook/classmate','127.0.0.1','内网IP','{\"classId\":100001,\"gender\":\"男\",\"id\":100001031,\"name\":\"测试\",\"params\":{}}','{\"msg\":\"操作成功\",\"code\":200}',0,NULL,'2024-04-26 16:38:22',16),(254,'个人信息',2,'com.ruoyi.web.controller.system.SysProfileController.updateProfile()','PUT',1,'100001',NULL,'/system/user/profile','127.0.0.1','内网IP','{\"admin\":false,\"nickName\":\"软件工程202\",\"params\":{},\"schoolLayer\":\"大学\",\"schoolName\":\"重庆文理学院\",\"userName\":\"100001\"}','{\"msg\":\"操作成功\",\"code\":200}',0,NULL,'2024-04-26 16:52:52',0),(255,'同学',2,'com.ruoyi.web.controller.yearbook.ClassmateController.edit()','PUT',1,'100001',NULL,'/yearbook/classmate','127.0.0.1','内网IP','{\"address\":\"重庆\",\"birthday\":\"2001-01-01 00:00:00\",\"classId\":100001,\"email\":\"\",\"gender\":\"女\",\"hobby\":\"打羽毛球,,,唱歌\",\"id\":100001001,\"message\":\"大家好，我是一名20岁的大学生，来自重庆。我性格开朗、大方，喜欢与人聊天交朋友。我热爱阅读，喜欢探索新知识，通过阅读不断拓宽自己的视野和知识面。同时，我也具备较好的学习能力和适应能力，能够快速适应新环境和新挑战。\",\"name\":\"之桃\",\"nickname\":\"〆海浔深蓝\",\"params\":{},\"phone\":\"19955660001\",\"profile\":\"upload/100001/image/profile/100001001.png\",\"qq\":\"2137669990\",\"sign\":\"桃之夭夭 灼灼其华\",\"video\":\"/video/staticvideo.mp4\",\"wechat\":\"Wx10000\"}','{\"msg\":\"操作成功\",\"code\":200}',0,NULL,'2024-04-26 16:53:05',11),(256,'同学',1,'com.ruoyi.web.controller.yearbook.ClassmateController.add()','POST',1,'100001',NULL,'/yearbook/classmate','127.0.0.1','内网IP','{\"classId\":100001,\"gender\":\"男\",\"id\":100001031,\"name\":\"测试\",\"params\":{}}','{\"msg\":\"操作成功\",\"code\":200}',0,NULL,'2024-04-26 16:53:13',13),(257,'个人信息',2,'com.ruoyi.web.controller.system.SysProfileController.updateProfile()','PUT',1,'100001',NULL,'/system/user/profile','127.0.0.1','内网IP','{\"admin\":false,\"nickName\":\"软件工程201\",\"params\":{},\"schoolLayer\":\"大学\",\"schoolName\":\"重庆文理学院\",\"userName\":\"100001\"}','{\"msg\":\"操作成功\",\"code\":200}',0,NULL,'2024-04-26 16:55:31',6),(258,'同学',2,'com.ruoyi.web.controller.yearbook.ClassmateController.edit()','PUT',1,'100001',NULL,'/yearbook/classmate','127.0.0.1','内网IP','{\"address\":\"重庆\",\"birthday\":\"2001-01-01 00:00:00\",\"classId\":100001,\"email\":\"\",\"gender\":\"男\",\"hobby\":\"打羽毛球,,,唱歌\",\"id\":100001001,\"message\":\"大家好，我是一名20岁的大学生，来自重庆。我性格开朗、大方，喜欢与人聊天交朋友。我热爱阅读，喜欢探索新知识，通过阅读不断拓宽自己的视野和知识面。同时，我也具备较好的学习能力和适应能力，能够快速适应新环境和新挑战。\",\"name\":\"之桃\",\"nickname\":\"〆海浔深蓝\",\"params\":{},\"phone\":\"19955660001\",\"profile\":\"upload/100001/image/profile/100001001.png\",\"qq\":\"2137669990\",\"sign\":\"桃之夭夭 灼灼其华\",\"video\":\"/video/staticvideo.mp4\",\"wechat\":\"Wx10000\"}','{\"msg\":\"操作成功\",\"code\":200}',0,NULL,'2024-04-26 16:55:41',12),(259,'同学',1,'com.ruoyi.web.controller.yearbook.ClassmateController.add()','POST',1,'100001',NULL,'/yearbook/classmate','127.0.0.1','内网IP','{\"classId\":100001,\"gender\":\"男\",\"id\":100001031,\"name\":\"测试\",\"params\":{}}','{\"msg\":\"操作成功\",\"code\":200}',0,NULL,'2024-04-26 16:55:47',11),(260,'个人信息',2,'com.ruoyi.web.controller.system.SysProfileController.updateProfile()','PUT',1,'100001',NULL,'/system/user/profile','127.0.0.1','内网IP','{\"admin\":false,\"nickName\":\"软件工程202\",\"params\":{},\"schoolLayer\":\"大学\",\"schoolName\":\"重庆文理学院\",\"userName\":\"100001\"}','{\"msg\":\"操作成功\",\"code\":200}',0,NULL,'2024-04-26 17:02:47',0),(261,'同学',2,'com.ruoyi.web.controller.yearbook.ClassmateController.edit()','PUT',1,'100001',NULL,'/yearbook/classmate','127.0.0.1','内网IP','{\"address\":\"重庆\",\"birthday\":\"2001-01-01 00:00:00\",\"classId\":100001,\"email\":\"\",\"gender\":\"女\",\"hobby\":\"打羽毛球,,,唱歌\",\"id\":100001001,\"message\":\"大家好，我是一名20岁的大学生，来自重庆。我性格开朗、大方，喜欢与人聊天交朋友。我热爱阅读，喜欢探索新知识，通过阅读不断拓宽自己的视野和知识面。同时，我也具备较好的学习能力和适应能力，能够快速适应新环境和新挑战。\",\"name\":\"之桃\",\"nickname\":\"〆海浔深蓝\",\"params\":{},\"phone\":\"19955660001\",\"profile\":\"upload/100001/image/profile/100001001.png\",\"qq\":\"2137669990\",\"sign\":\"桃之夭夭 灼灼其华\",\"video\":\"/video/staticvideo.mp4\",\"wechat\":\"Wx10000\"}','{\"msg\":\"操作成功\",\"code\":200}',0,NULL,'2024-04-26 17:02:59',12),(262,'同学',1,'com.ruoyi.web.controller.yearbook.ClassmateController.add()','POST',1,'100001',NULL,'/yearbook/classmate','127.0.0.1','内网IP','{\"classId\":100001,\"gender\":\"男\",\"id\":100001031,\"name\":\"测试\",\"params\":{}}','{\"msg\":\"操作成功\",\"code\":200}',0,NULL,'2024-04-26 17:03:05',13),(263,'个人信息',2,'com.ruoyi.web.controller.system.SysProfileController.updateProfile()','PUT',1,'100001',NULL,'/system/user/profile','127.0.0.1','内网IP','{\"admin\":false,\"nickName\":\"软件工程201\",\"params\":{},\"schoolLayer\":\"大学\",\"schoolName\":\"重庆文理学院\",\"userName\":\"100001\"}','{\"msg\":\"操作成功\",\"code\":200}',0,NULL,'2024-04-26 17:23:23',0),(264,'同学',2,'com.ruoyi.web.controller.yearbook.ClassmateController.edit()','PUT',1,'100001',NULL,'/yearbook/classmate','127.0.0.1','内网IP','{\"address\":\"重庆\",\"birthday\":\"2001-01-01 00:00:00\",\"classId\":100001,\"email\":\"\",\"gender\":\"男\",\"hobby\":\"打羽毛球,,,唱歌\",\"id\":100001001,\"message\":\"大家好，我是一名20岁的大学生，来自重庆。我性格开朗、大方，喜欢与人聊天交朋友。我热爱阅读，喜欢探索新知识，通过阅读不断拓宽自己的视野和知识面。同时，我也具备较好的学习能力和适应能力，能够快速适应新环境和新挑战。\",\"name\":\"之桃\",\"nickname\":\"〆海浔深蓝\",\"params\":{},\"phone\":\"19955660001\",\"profile\":\"upload/100001/image/profile/100001001.png\",\"qq\":\"2137669990\",\"sign\":\"桃之夭夭 灼灼其华\",\"video\":\"/video/staticvideo.mp4\",\"wechat\":\"Wx10000\"}','{\"msg\":\"操作成功\",\"code\":200}',0,NULL,'2024-04-26 17:23:33',11),(265,'同学',1,'com.ruoyi.web.controller.yearbook.ClassmateController.add()','POST',1,'100001',NULL,'/yearbook/classmate','127.0.0.1','内网IP','{\"classId\":100001,\"gender\":\"男\",\"id\":100001031,\"name\":\"测试\",\"params\":{}}','{\"msg\":\"操作成功\",\"code\":200}',0,NULL,'2024-04-26 17:23:43',15),(266,'同学',3,'com.ruoyi.web.controller.yearbook.ClassmateController.remove()','DELETE',1,'100001',NULL,'/yearbook/classmate/100001031','127.0.0.1','内网IP','{}','{\"msg\":\"操作成功\",\"code\":200}',0,NULL,'2024-04-26 17:24:19',0),(267,'同学',1,'com.ruoyi.web.controller.yearbook.ClassmateController.add()','POST',1,'100001',NULL,'/yearbook/classmate','127.0.0.1','内网IP','{\"classId\":100001,\"gender\":\"女\",\"id\":100001031,\"name\":\"测试\",\"params\":{}}','{\"msg\":\"操作成功\",\"code\":200}',0,NULL,'2024-04-26 17:24:42',11),(268,'个人信息',2,'com.ruoyi.web.controller.system.SysProfileController.updateProfile()','PUT',1,'100001',NULL,'/system/user/profile','127.0.0.1','内网IP','{\"admin\":false,\"nickName\":\"软件工程202\",\"params\":{},\"schoolLayer\":\"大学\",\"schoolName\":\"重庆文理学院\",\"userName\":\"100001\"}','{\"msg\":\"操作成功\",\"code\":200}',0,NULL,'2024-04-26 17:25:51',10),(269,'同学',2,'com.ruoyi.web.controller.yearbook.ClassmateController.edit()','PUT',1,'100001',NULL,'/yearbook/classmate','127.0.0.1','内网IP','{\"address\":\"重庆\",\"birthday\":\"2001-01-01 00:00:00\",\"classId\":100001,\"email\":\"\",\"gender\":\"女\",\"hobby\":\"打羽毛球,,,唱歌\",\"id\":100001001,\"message\":\"大家好，我是一名20岁的大学生，来自重庆。我性格开朗、大方，喜欢与人聊天交朋友。我热爱阅读，喜欢探索新知识，通过阅读不断拓宽自己的视野和知识面。同时，我也具备较好的学习能力和适应能力，能够快速适应新环境和新挑战。\",\"name\":\"之桃\",\"nickname\":\"〆海浔深蓝\",\"params\":{},\"phone\":\"19955660001\",\"profile\":\"upload/100001/image/profile/100001001.png\",\"qq\":\"2137669990\",\"sign\":\"桃之夭夭 灼灼其华\",\"video\":\"/video/staticvideo.mp4\",\"wechat\":\"Wx10000\"}','{\"msg\":\"操作成功\",\"code\":200}',0,NULL,'2024-04-26 17:26:01',11),(270,'同学',1,'com.ruoyi.web.controller.yearbook.ClassmateController.add()','POST',1,'100001',NULL,'/yearbook/classmate','127.0.0.1','内网IP','{\"classId\":100001,\"gender\":\"男\",\"id\":100001032,\"name\":\"测试\",\"params\":{}}','{\"msg\":\"操作成功\",\"code\":200}',0,NULL,'2024-04-26 17:26:11',13),(271,'同学',3,'com.ruoyi.web.controller.yearbook.ClassmateController.remove()','DELETE',1,'100001',NULL,'/yearbook/classmate/100001031','127.0.0.1','内网IP','{}','{\"msg\":\"操作成功\",\"code\":200}',0,NULL,'2024-04-26 17:26:43',16),(272,'同学',3,'com.ruoyi.web.controller.yearbook.ClassmateController.remove()','DELETE',1,'100001',NULL,'/yearbook/classmate/100001032','127.0.0.1','内网IP','{}','{\"msg\":\"操作成功\",\"code\":200}',0,NULL,'2024-04-26 17:26:45',14),(273,'个人信息',2,'com.ruoyi.web.controller.system.SysProfileController.updateProfile()','PUT',1,'100001',NULL,'/system/user/profile','127.0.0.1','内网IP','{\"admin\":false,\"nickName\":\"软件工程201\",\"params\":{},\"schoolLayer\":\"大学\",\"schoolName\":\"重庆文理学院\",\"userName\":\"100001\"}','{\"msg\":\"操作成功\",\"code\":200}',0,NULL,'2024-04-26 17:27:16',10),(274,'同学',2,'com.ruoyi.web.controller.yearbook.ClassmateController.edit()','PUT',1,'100001',NULL,'/yearbook/classmate','127.0.0.1','内网IP','{\"address\":\"重庆\",\"birthday\":\"2001-01-01 00:00:00\",\"classId\":100001,\"email\":\"\",\"gender\":\"男\",\"hobby\":\"打羽毛球,,,唱歌\",\"id\":100001001,\"message\":\"大家好，我是一名20岁的大学生，来自重庆。我性格开朗、大方，喜欢与人聊天交朋友。我热爱阅读，喜欢探索新知识，通过阅读不断拓宽自己的视野和知识面。同时，我也具备较好的学习能力和适应能力，能够快速适应新环境和新挑战。\",\"name\":\"之桃\",\"nickname\":\"〆海浔深蓝\",\"params\":{},\"phone\":\"19955660001\",\"profile\":\"upload/100001/image/profile/100001001.png\",\"qq\":\"2137669990\",\"sign\":\"桃之夭夭 灼灼其华\",\"video\":\"/video/staticvideo.mp4\",\"wechat\":\"Wx10000\"}','{\"msg\":\"操作成功\",\"code\":200}',0,NULL,'2024-04-26 17:27:25',2),(275,'个人信息',2,'com.ruoyi.web.controller.system.SysProfileController.updateProfile()','PUT',1,'100001',NULL,'/system/user/profile','127.0.0.1','内网IP','{\"admin\":false,\"nickName\":\"软件工程202\",\"params\":{},\"schoolLayer\":\"大学\",\"schoolName\":\"重庆文理学院\",\"userName\":\"100001\"}','{\"msg\":\"操作成功\",\"code\":200}',0,NULL,'2024-04-26 17:28:31',15),(276,'个人信息',2,'com.ruoyi.web.controller.system.SysProfileController.updateProfile()','PUT',1,'100001',NULL,'/system/user/profile','127.0.0.1','内网IP','{\"admin\":false,\"nickName\":\"软件工程201\",\"params\":{},\"schoolLayer\":\"大学\",\"schoolName\":\"重庆文理学院\",\"userName\":\"100001\"}','{\"msg\":\"操作成功\",\"code\":200}',0,NULL,'2024-04-26 17:30:24',9),(277,'同学',2,'com.ruoyi.web.controller.yearbook.ClassmateController.edit()','PUT',1,'100001',NULL,'/yearbook/classmate','127.0.0.1','内网IP','{\"address\":\"重庆\",\"birthday\":\"2001-01-01 00:00:00\",\"classId\":100001,\"email\":\"\",\"gender\":\"女\",\"hobby\":\"打羽毛球,,,唱歌\",\"id\":100001001,\"message\":\"大家好，我是一名20岁的大学生，来自重庆。我性格开朗、大方，喜欢与人聊天交朋友。我热爱阅读，喜欢探索新知识，通过阅读不断拓宽自己的视野和知识面。同时，我也具备较好的学习能力和适应能力，能够快速适应新环境和新挑战。\",\"name\":\"之桃\",\"nickname\":\"〆海浔深蓝\",\"params\":{},\"phone\":\"19955660001\",\"profile\":\"upload/100001/image/profile/100001001.png\",\"qq\":\"2137669990\",\"sign\":\"桃之夭夭 灼灼其华\",\"video\":\"/video/staticvideo.mp4\",\"wechat\":\"Wx10000\"}','{\"msg\":\"操作成功\",\"code\":200}',0,NULL,'2024-04-26 17:30:35',10),(278,'同学',1,'com.ruoyi.web.controller.yearbook.ClassmateController.add()','POST',1,'100001',NULL,'/yearbook/classmate','127.0.0.1','内网IP','{\"classId\":100001,\"gender\":\"女\",\"id\":100001031,\"name\":\"测试\",\"params\":{}}','{\"msg\":\"操作成功\",\"code\":200}',0,NULL,'2024-04-26 17:30:46',13);

/*Table structure for table `sys_post` */

DROP TABLE IF EXISTS `sys_post`;

CREATE TABLE `sys_post` (
  `post_id` bigint NOT NULL AUTO_INCREMENT COMMENT '岗位ID',
  `post_code` varchar(64) NOT NULL COMMENT '岗位编码',
  `post_name` varchar(50) NOT NULL COMMENT '岗位名称',
  `post_sort` int NOT NULL COMMENT '显示顺序',
  `status` char(1) NOT NULL COMMENT '状态（0正常 1停用）',
  `create_by` varchar(64) DEFAULT '' COMMENT '创建者',
  `create_time` datetime DEFAULT NULL COMMENT '创建时间',
  `update_by` varchar(64) DEFAULT '' COMMENT '更新者',
  `update_time` datetime DEFAULT NULL COMMENT '更新时间',
  `remark` varchar(500) DEFAULT NULL COMMENT '备注',
  PRIMARY KEY (`post_id`)
) ENGINE=InnoDB AUTO_INCREMENT=5 DEFAULT CHARSET=utf8mb4 COLLATE=utf8mb4_0900_ai_ci COMMENT='岗位信息表';

/*Data for the table `sys_post` */

insert  into `sys_post`(`post_id`,`post_code`,`post_name`,`post_sort`,`status`,`create_by`,`create_time`,`update_by`,`update_time`,`remark`) values (1,'ceo','董事长',1,'0','admin','2024-03-28 16:13:36','',NULL,''),(2,'se','项目经理',2,'0','admin','2024-03-28 16:13:36','',NULL,''),(3,'hr','人力资源',3,'0','admin','2024-03-28 16:13:36','',NULL,''),(4,'user','普通员工',4,'0','admin','2024-03-28 16:13:36','',NULL,'');

/*Table structure for table `sys_role` */

DROP TABLE IF EXISTS `sys_role`;

CREATE TABLE `sys_role` (
  `role_id` bigint NOT NULL AUTO_INCREMENT COMMENT '角色ID',
  `role_name` varchar(30) NOT NULL COMMENT '角色名称',
  `role_key` varchar(100) NOT NULL COMMENT '角色权限字符串',
  `role_sort` int NOT NULL COMMENT '显示顺序',
  `data_scope` char(1) DEFAULT '1' COMMENT '数据范围（1：全部数据权限 2：自定数据权限 3：本部门数据权限 4：本部门及以下数据权限）',
  `menu_check_strictly` tinyint(1) DEFAULT '1' COMMENT '菜单树选择项是否关联显示',
  `dept_check_strictly` tinyint(1) DEFAULT '1' COMMENT '部门树选择项是否关联显示',
  `status` char(1) NOT NULL COMMENT '角色状态（0正常 1停用）',
  `del_flag` char(1) DEFAULT '0' COMMENT '删除标志（0代表存在 2代表删除）',
  `create_by` varchar(64) DEFAULT '' COMMENT '创建者',
  `create_time` datetime DEFAULT NULL COMMENT '创建时间',
  `update_by` varchar(64) DEFAULT '' COMMENT '更新者',
  `update_time` datetime DEFAULT NULL COMMENT '更新时间',
  `remark` varchar(500) DEFAULT NULL COMMENT '备注',
  PRIMARY KEY (`role_id`)
) ENGINE=InnoDB AUTO_INCREMENT=101 DEFAULT CHARSET=utf8mb4 COLLATE=utf8mb4_0900_ai_ci COMMENT='角色信息表';

/*Data for the table `sys_role` */

insert  into `sys_role`(`role_id`,`role_name`,`role_key`,`role_sort`,`data_scope`,`menu_check_strictly`,`dept_check_strictly`,`status`,`del_flag`,`create_by`,`create_time`,`update_by`,`update_time`,`remark`) values (1,'超级管理员','admin',1,'1',1,1,'0','0','admin','2024-03-28 16:13:36','',NULL,'超级管理员'),(2,'普通角色','common',2,'2',1,1,'0','0','admin','2024-03-28 16:13:36','',NULL,'普通角色'),(100,'班级','classes',3,'1',1,1,'0','0','admin','2024-04-11 10:22:34','',NULL,NULL);

/*Table structure for table `sys_role_dept` */

DROP TABLE IF EXISTS `sys_role_dept`;

CREATE TABLE `sys_role_dept` (
  `role_id` bigint NOT NULL COMMENT '角色ID',
  `dept_id` bigint NOT NULL COMMENT '部门ID',
  PRIMARY KEY (`role_id`,`dept_id`)
) ENGINE=InnoDB DEFAULT CHARSET=utf8mb4 COLLATE=utf8mb4_0900_ai_ci COMMENT='角色和部门关联表';

/*Data for the table `sys_role_dept` */

insert  into `sys_role_dept`(`role_id`,`dept_id`) values (2,100),(2,101),(2,105);

/*Table structure for table `sys_role_menu` */

DROP TABLE IF EXISTS `sys_role_menu`;

CREATE TABLE `sys_role_menu` (
  `role_id` bigint NOT NULL COMMENT '角色ID',
  `menu_id` bigint NOT NULL COMMENT '菜单ID',
  PRIMARY KEY (`role_id`,`menu_id`)
) ENGINE=InnoDB DEFAULT CHARSET=utf8mb4 COLLATE=utf8mb4_0900_ai_ci COMMENT='角色和菜单关联表';

/*Data for the table `sys_role_menu` */

insert  into `sys_role_menu`(`role_id`,`menu_id`) values (2,1),(2,2),(2,3),(2,4),(2,100),(2,101),(2,102),(2,103),(2,104),(2,105),(2,106),(2,107),(2,108),(2,109),(2,110),(2,111),(2,112),(2,113),(2,114),(2,115),(2,116),(2,117),(2,500),(2,501),(2,1000),(2,1001),(2,1002),(2,1003),(2,1004),(2,1005),(2,1006),(2,1007),(2,1008),(2,1009),(2,1010),(2,1011),(2,1012),(2,1013),(2,1014),(2,1015),(2,1016),(2,1017),(2,1018),(2,1019),(2,1020),(2,1021),(2,1022),(2,1023),(2,1024),(2,1025),(2,1026),(2,1027),(2,1028),(2,1029),(2,1030),(2,1031),(2,1032),(2,1033),(2,1034),(2,1035),(2,1036),(2,1037),(2,1038),(2,1039),(2,1040),(2,1041),(2,1042),(2,1043),(2,1044),(2,1045),(2,1046),(2,1047),(2,1048),(2,1049),(2,1050),(2,1051),(2,1052),(2,1053),(2,1054),(2,1055),(2,1056),(2,1057),(2,1058),(2,1059),(2,1060),(100,107),(100,1035),(100,1036),(100,1037),(100,1038),(100,2000),(100,2001),(100,2002),(100,2003),(100,2004),(100,2005),(100,2006),(100,2007),(100,2008),(100,2009),(100,2010),(100,2011),(100,2013),(100,2014),(100,2015),(100,2016),(100,2017),(100,2018),(100,2019),(100,2020),(100,2021);

/*Table structure for table `sys_user` */

DROP TABLE IF EXISTS `sys_user`;

CREATE TABLE `sys_user` (
  `user_id` bigint NOT NULL AUTO_INCREMENT COMMENT '班级ID',
  `user_name` varchar(30) CHARACTER SET utf8mb4 COLLATE utf8mb4_0900_ai_ci NOT NULL COMMENT '班级账号',
  `nick_name` varchar(30) CHARACTER SET utf8mb4 COLLATE utf8mb4_0900_ai_ci NOT NULL COMMENT '班级名称',
  `school_name` varchar(30) DEFAULT NULL COMMENT '学校名称',
  `school_layer` varchar(10) DEFAULT NULL COMMENT '学校层次',
  `password` varchar(100) CHARACTER SET utf8mb4 COLLATE utf8mb4_0900_ai_ci DEFAULT '' COMMENT '班级密码',
  `avatar` varchar(100) CHARACTER SET utf8mb4 COLLATE utf8mb4_0900_ai_ci DEFAULT '' COMMENT '班级头像',
  `user_type` varchar(2) CHARACTER SET utf8mb4 COLLATE utf8mb4_0900_ai_ci DEFAULT '00' COMMENT '用户类型（00系统用户）',
  `dept_id` bigint DEFAULT NULL COMMENT '部门ID',
  `email` varchar(50) DEFAULT '' COMMENT '用户邮箱',
  `phonenumber` varchar(11) DEFAULT '' COMMENT '手机号码',
  `sex` char(1) DEFAULT '0' COMMENT '用户性别（0男 1女 2未知）',
  `status` char(1) DEFAULT '0' COMMENT '帐号状态（0正常 1停用）',
  `del_flag` char(1) DEFAULT '0' COMMENT '删除标志（0代表存在 2代表删除）',
  `login_ip` varchar(128) DEFAULT '' COMMENT '最后登录IP',
  `login_date` datetime DEFAULT NULL COMMENT '最后登录时间',
  `create_by` varchar(64) DEFAULT '' COMMENT '创建者',
  `create_time` datetime DEFAULT NULL COMMENT '创建时间',
  `update_by` varchar(64) DEFAULT '' COMMENT '更新者',
  `update_time` datetime DEFAULT NULL COMMENT '更新时间',
  `remark` varchar(500) DEFAULT NULL COMMENT '备注',
  PRIMARY KEY (`user_id`)
) ENGINE=InnoDB AUTO_INCREMENT=124 DEFAULT CHARSET=utf8mb4 COLLATE=utf8mb4_0900_ai_ci COMMENT='用户信息表';

/*Data for the table `sys_user` */

insert  into `sys_user`(`user_id`,`user_name`,`nick_name`,`school_name`,`school_layer`,`password`,`avatar`,`user_type`,`dept_id`,`email`,`phonenumber`,`sex`,`status`,`del_flag`,`login_ip`,`login_date`,`create_by`,`create_time`,`update_by`,`update_time`,`remark`) values (1,'admin','若依',NULL,NULL,'$2a$10$7JB720yubVSZvUI0rEqK/.VqGOZTH.ulu33dHOiBE8ByOhJIrdAu2','','00',103,'ry@163.com','15888888888','1','0','0','127.0.0.1','2024-04-24 15:02:04','admin','2024-03-28 16:13:36','','2024-04-24 15:02:03','管理员'),(2,'ry','若依',NULL,NULL,'$2a$10$7JB720yubVSZvUI0rEqK/.VqGOZTH.ulu33dHOiBE8ByOhJIrdAu2','','00',105,'ry@qq.com','15666666666','1','0','0','127.0.0.1','2024-03-28 16:13:36','admin','2024-03-28 16:13:36','admin','2024-03-28 19:58:10','测试员'),(100,'100001','软件工程201','重庆文理学院','大学','$2a$10$8s4GQx2sO9/Sdcxk84Kahek21D22HGU.IixcVilagwceorcmENJpa','/profile/avatar/2024/04/11/loginnew_20240411102534A001.png','00',NULL,'','','0','0','0','127.0.0.1','2024-05-11 14:45:30','admin','2024-04-11 10:23:24','','2024-05-11 14:45:30',NULL),(101,'100002','软件工程202','重庆文理学院','大学','$2a$10$XvUZVt9xUmmDW2IEbFso/.uvR8lu5Zm15dBK/TIH9rbN/5VgghwhG','','00',NULL,'','','0','0','0','127.0.0.1','2024-04-23 22:47:45','','2024-04-23 20:27:11','admin','2024-04-24 09:06:57',NULL),(102,'100003','软件工程203','重庆文理学院','大学','$2a$10$llhD3r7kwqwGlqR37ppzmuIYW4HNcfh2msIvG/H5mpHClGNtycHBW','','00',NULL,'','','0','0','0','',NULL,'','2024-04-23 20:39:38','admin','2024-04-24 09:07:08',NULL),(103,'100004','高2019级28班','重庆市第一中学','高中','$2a$10$WcWTPWeZx8QkfySg1rOFX.rMCvQ6T/taeMfFHq.itmfg1e17t6boi','','00',NULL,'','','0','0','0','',NULL,'','2024-04-23 20:44:54','admin','2024-04-24 09:07:16',NULL),(104,'100005','高2019级22班','重庆市第一中学','高中','$2a$10$G92ZQXS.ASUiAbIzeLdfROsoHM2trmoUwMRHgwKrIr4wZBRrCP1ry','','00',NULL,'','','0','0','0','',NULL,'','2024-04-23 23:55:00','admin','2024-04-24 09:07:24',NULL),(105,'100006','初2016级1班','麻园中学','初中','$2a$10$bCB5fyXzQe25TYT1qmYVz.dLLouU4M/wrFY0NTQgoO7PKWlvMnRAq','','00',NULL,'','','0','0','0','',NULL,'','2024-04-24 00:02:39','',NULL,NULL),(106,'100007','初2016级2班','麻园中学','初中','$2a$10$.AjSmMGBXzeaLpkLckGeRexmw2zApx1mjtH9b8cj.rh5GzoZQLfcy','','00',NULL,'','','0','0','0','',NULL,'','2024-04-24 00:02:49','',NULL,NULL),(107,'100008','初2016级3班','麻园中学','初中','$2a$10$1fhqLDMhjbJW9BSk0y92Ke2sFJQ8RzTZ1P7YgHaFXv9n6Ach6XjC.','','00',NULL,'','','0','0','0','',NULL,'','2024-04-24 00:04:52','',NULL,NULL),(123,'100009','高2020级1班','向青中学','高中','$2a$10$IJtTwZUz34y7y8hXpAoOZuqmj.drhLXU/zskiWuIi5Vwkv749snIa','','00',NULL,'','','0','0','0','',NULL,'','2024-04-24 12:16:00','',NULL,NULL);

/*Table structure for table `sys_user_copy_origin` */

DROP TABLE IF EXISTS `sys_user_copy_origin`;

CREATE TABLE `sys_user_copy_origin` (
  `user_id` bigint NOT NULL AUTO_INCREMENT COMMENT '用户ID',
  `user_name` varchar(30) CHARACTER SET utf8mb4 COLLATE utf8mb4_0900_ai_ci NOT NULL COMMENT '用户账号',
  `nick_name` varchar(30) CHARACTER SET utf8mb4 COLLATE utf8mb4_0900_ai_ci NOT NULL COMMENT '用户昵称',
  `user_type` varchar(2) CHARACTER SET utf8mb4 COLLATE utf8mb4_0900_ai_ci DEFAULT '00' COMMENT '用户类型（00系统用户）',
  `password` varchar(100) CHARACTER SET utf8mb4 COLLATE utf8mb4_0900_ai_ci DEFAULT '' COMMENT '密码',
  `dept_id` bigint DEFAULT NULL COMMENT '部门ID',
  `email` varchar(50) DEFAULT '' COMMENT '用户邮箱',
  `phonenumber` varchar(11) DEFAULT '' COMMENT '手机号码',
  `sex` char(1) DEFAULT '0' COMMENT '用户性别（0男 1女 2未知）',
  `avatar` varchar(100) DEFAULT '' COMMENT '头像地址',
  `status` char(1) DEFAULT '0' COMMENT '帐号状态（0正常 1停用）',
  `del_flag` char(1) DEFAULT '0' COMMENT '删除标志（0代表存在 2代表删除）',
  `login_ip` varchar(128) DEFAULT '' COMMENT '最后登录IP',
  `login_date` datetime DEFAULT NULL COMMENT '最后登录时间',
  `create_by` varchar(64) DEFAULT '' COMMENT '创建者',
  `create_time` datetime DEFAULT NULL COMMENT '创建时间',
  `update_by` varchar(64) DEFAULT '' COMMENT '更新者',
  `update_time` datetime DEFAULT NULL COMMENT '更新时间',
  `remark` varchar(500) DEFAULT NULL COMMENT '备注',
  PRIMARY KEY (`user_id`)
) ENGINE=InnoDB DEFAULT CHARSET=utf8mb4 COLLATE=utf8mb4_0900_ai_ci COMMENT='用户信息表';

/*Data for the table `sys_user_copy_origin` */

insert  into `sys_user_copy_origin`(`user_id`,`user_name`,`nick_name`,`user_type`,`password`,`dept_id`,`email`,`phonenumber`,`sex`,`avatar`,`status`,`del_flag`,`login_ip`,`login_date`,`create_by`,`create_time`,`update_by`,`update_time`,`remark`) values (1,'admin','若依','00','$2a$10$7JB720yubVSZvUI0rEqK/.VqGOZTH.ulu33dHOiBE8ByOhJIrdAu2',103,'ry@163.com','15888888888','1','','0','0','127.0.0.1','2024-04-23 09:12:53','admin','2024-03-28 16:13:36','','2024-04-23 09:12:53','管理员'),(2,'ry','若依','00','$2a$10$7JB720yubVSZvUI0rEqK/.VqGOZTH.ulu33dHOiBE8ByOhJIrdAu2',105,'ry@qq.com','15666666666','1','','0','0','127.0.0.1','2024-03-28 16:13:36','admin','2024-03-28 16:13:36','admin','2024-03-28 19:58:10','测试员'),(100,'100001','软件工程201','00','$2a$10$8s4GQx2sO9/Sdcxk84Kahek21D22HGU.IixcVilagwceorcmENJpa',NULL,'','','0','/profile/avatar/2024/04/11/loginnew_20240411102534A001.png','0','0','127.0.0.1','2024-04-23 08:55:55','admin','2024-04-11 10:23:24','','2024-04-23 08:55:54',NULL);

/*Table structure for table `sys_user_post` */

DROP TABLE IF EXISTS `sys_user_post`;

CREATE TABLE `sys_user_post` (
  `user_id` bigint NOT NULL COMMENT '用户ID',
  `post_id` bigint NOT NULL COMMENT '岗位ID',
  PRIMARY KEY (`user_id`,`post_id`)
) ENGINE=InnoDB DEFAULT CHARSET=utf8mb4 COLLATE=utf8mb4_0900_ai_ci COMMENT='用户与岗位关联表';

/*Data for the table `sys_user_post` */

insert  into `sys_user_post`(`user_id`,`post_id`) values (1,1),(2,2);

/*Table structure for table `sys_user_role` */

DROP TABLE IF EXISTS `sys_user_role`;

CREATE TABLE `sys_user_role` (
  `user_id` bigint NOT NULL COMMENT '用户ID',
  `role_id` bigint NOT NULL COMMENT '角色ID',
  PRIMARY KEY (`user_id`,`role_id`)
) ENGINE=InnoDB DEFAULT CHARSET=utf8mb4 COLLATE=utf8mb4_0900_ai_ci COMMENT='用户和角色关联表';

/*Data for the table `sys_user_role` */

insert  into `sys_user_role`(`user_id`,`role_id`) values (1,1),(2,2),(100,100),(101,100),(102,100),(103,100),(104,100);

/*Table structure for table `yearbook_classes` */

DROP TABLE IF EXISTS `yearbook_classes`;

CREATE TABLE `yearbook_classes` (
  `classId` int NOT NULL COMMENT '班级ID',
  `password` varchar(32) DEFAULT NULL COMMENT '班级密码',
  `className` varchar(20) CHARACTER SET utf8mb4 COLLATE utf8mb4_0900_ai_ci DEFAULT NULL COMMENT '班级名称',
  `school` varchar(20) CHARACTER SET utf8mb4 COLLATE utf8mb4_0900_ai_ci DEFAULT NULL COMMENT '学校',
  `layer` varchar(10) CHARACTER SET utf8mb4 COLLATE utf8mb4_0900_ai_ci DEFAULT NULL COMMENT '层次',
  PRIMARY KEY (`classId`)
) ENGINE=InnoDB DEFAULT CHARSET=utf8mb4 COLLATE=utf8mb4_0900_ai_ci;

/*Data for the table `yearbook_classes` */

insert  into `yearbook_classes`(`classId`,`password`,`className`,`school`,`layer`) values (100001,'123456','软件工程201','重庆文理学院','大学');

/*Table structure for table `yearbook_classmate` */

DROP TABLE IF EXISTS `yearbook_classmate`;

CREATE TABLE `yearbook_classmate` (
  `id` int NOT NULL COMMENT 'ID',
  `classId` int DEFAULT NULL COMMENT '班级ID',
  `password` varchar(16) NOT NULL DEFAULT '123456' COMMENT '密码',
  `name` varchar(10) CHARACTER SET utf8mb4 COLLATE utf8mb4_0900_ai_ci NOT NULL COMMENT '姓名',
  `nickname` varchar(10) DEFAULT NULL COMMENT '昵称',
  `gender` char(1) CHARACTER SET utf8mb4 COLLATE utf8mb4_0900_ai_ci DEFAULT NULL COMMENT '性别',
  `birthday` date DEFAULT NULL COMMENT '生日',
  `sign` varchar(30) CHARACTER SET utf8mb4 COLLATE utf8mb4_0900_ai_ci DEFAULT '这个人很懒什么都没留下' COMMENT '个性签名',
  `hobby` varchar(200) DEFAULT NULL COMMENT '兴趣爱好',
  `message` varchar(200) CHARACTER SET utf8mb4 COLLATE utf8mb4_0900_ai_ci DEFAULT NULL COMMENT '自我介绍',
  `profile` varchar(100) DEFAULT NULL COMMENT '头像',
  `address` varchar(20) CHARACTER SET utf8mb4 COLLATE utf8mb4_0900_ai_ci DEFAULT NULL COMMENT '地址',
  `qq` varchar(20) CHARACTER SET utf8mb4 COLLATE utf8mb4_0900_ai_ci DEFAULT NULL COMMENT 'QQ',
  `wechat` varchar(20) CHARACTER SET utf8mb4 COLLATE utf8mb4_0900_ai_ci DEFAULT NULL COMMENT '微信',
  `phone` varchar(20) CHARACTER SET utf8mb4 COLLATE utf8mb4_0900_ai_ci DEFAULT NULL COMMENT '联系电话',
  `email` varchar(20) CHARACTER SET utf8mb4 COLLATE utf8mb4_0900_ai_ci DEFAULT NULL COMMENT '电子邮箱',
  `video` varchar(100) DEFAULT NULL COMMENT '视频地址',
  PRIMARY KEY (`id`)
) ENGINE=InnoDB DEFAULT CHARSET=utf8mb4 COLLATE=utf8mb4_0900_ai_ci;

/*Data for the table `yearbook_classmate` */

insert  into `yearbook_classmate`(`id`,`classId`,`password`,`name`,`nickname`,`gender`,`birthday`,`sign`,`hobby`,`message`,`profile`,`address`,`qq`,`wechat`,`phone`,`email`,`video`) values (100001001,100001,'123456','之桃','〆海浔深蓝','女','2001-01-01','桃之夭夭 灼灼其华','打羽毛球,,,唱歌','大家好，我是一名20岁的大学生，来自重庆。我性格开朗、大方，喜欢与人聊天交朋友。我热爱阅读，喜欢探索新知识，通过阅读不断拓宽自己的视野和知识面。同时，我也具备较好的学习能力和适应能力，能够快速适应新环境和新挑战。','upload/100001/image/profile/100001001.png','重庆','2137669990','Wx10000','19955660001','','/video/staticvideo.mp4'),(100001002,100001,'123456','慕青','月舞云袖','女','2001-02-01','只愿你眉眼如初风华如故','','有缘千里来相会，无缘对面不相识。因此我觉得能跟大家在一起学习是一种缘分，希望在以后的日子里我们互相帮助共同进步，更上一层楼。','upload/100001/image/profile/100001002.png','重庆','2137669991','Wx10001','19955660002',NULL,NULL),(100001003,100001,'123456','尔岚\r\n','亡城旧梦','女','2001-03-01','反正山高水长我还有一世可以嚣张',NULL,'很高兴能和大家成为同学，共度美好的大学生活。爱笑，爱简单，爱热闹，爱听音乐，也爱交朋友，爱自由自在，也爱无厘头的搞笑，这就是我。','upload/100001/image/profile/100001003.png','重庆','2137669992','Wx10002','19955660003',NULL,NULL),(100001004,100001,'123456','初夏','独自莫凭栏','女','2001-04-01','轻烟不走只为留烟雨缠绵的笑',NULL,'大家好，我是一名20岁的大学生，来自XX城市。我性格热情、自信，善于与人沟通合作。我爱好广泛，特别是喜欢音乐和运动，如听音乐、打篮球等。同时，我也注重自我提升和学习新知识，希望能够与大家共同进步。','upload/100001/image/profile/100001004.png','重庆','2137669993','Wx10003','19955660004',NULL,NULL),(100001005,100001,'123456','沛菡\r\n','溺海°','女','2001-05-01','我愿面朝大海春暖花开',NULL,'大家好，我是一名20岁的大学生，来自XX城市。我性格开朗、大方，喜欢与人交流和交友。我热爱阅读，喜欢探索新知识，通过阅读不断拓宽自己的视野和知识面。同时，我也具备较好的学习能力和适应能力，能够快速适应新环境和新挑战。','upload/100001/image/profile/100001005.png','重庆','2137669994','Wx10004','19955660005',NULL,NULL),(100001006,100001,'123456','曼文\r\n','璃沫宁夏','女','2001-06-01','晚风吹开我的脸颜',NULL,'有缘千里来相会，无缘对面不相识。因此我觉得能跟大家在一起学习是一种缘分，希望在以后的日子里我们互相帮助共同进步，更上一层楼。','upload/100001/image/profile/100001006.png','重庆','2137669995','Wx10005','19955660006',NULL,NULL),(100001007,100001,'123456','乐菱\r\n','幸相知','女','2001-07-01','人山人海别错过那一个等待',NULL,'很高兴能和大家成为同学，共度美好的大学生活。爱笑，爱简单，爱热闹，爱听音乐，也爱交朋友，爱自由自在，也爱无厘头的搞笑，这就是我。','upload/100001/image/profile/100001007.png','重庆','2137669996','Wx10006','19955660007',NULL,NULL),(100001008,100001,'123456','惜文\r\n','用心侵蚀你的灵魂','女','2001-08-01','每一次努力都是最好的伏笔',NULL,'大家好，我是一名20岁的大学生，来自XX城市。我性格热情、自信，善于与人沟通合作。我爱好广泛，特别是喜欢音乐和运动，如听音乐、打篮球等。同时，我也注重自我提升和学习新知识，希望能够与大家共同进步。','upload/100001/image/profile/100001008.png','重庆','2137669997','Wx10007','19955660008',NULL,NULL),(100001009,100001,'123456','香寒\r\n','夏日晴空','女','2001-09-01','生活不乏精彩,只是有时候,我们的眼睛盯着乌云不放',NULL,'大家好，我是一名20岁的大学生，来自XX城市。我性格积极、乐观，对未来充满信心。我喜欢写作和演讲，通过写作表达自己的思考和情感，通过演讲传递信息和价值观。我相信通过自己的不断努力和学习，一定能够成为更好的自己。','upload/100001/image/profile/100001009.png','重庆','2137669998','Wx10008','19955660009',NULL,NULL),(100001010,100001,'123456','新柔\r\n','收纳空白','女','2001-10-01','一纸凉薄写我半生彷惶,一纸沧桑书我一世独殇',NULL,NULL,'upload/100001/image/profile/100001010.png','重庆','2137669999','Wx10009','19955660010',NULL,NULL),(100001011,100001,'123456','语蓉\r\n','花颜','女','2001-11-01','一朵小花在荒原里开了又落',NULL,NULL,'upload/100001/image/profile/100001011.png','重庆','3344808701','Wx10010','19955660011',NULL,NULL),(100001012,100001,'123456','海安\r\n','海是倒过来的天','女','2001-12-01','我的每句话、每件事，都不能再说给你听',NULL,NULL,'upload/100001/image/profile/100001012.png','重庆','3344808702','Wx10011','19955660012',NULL,NULL),(100001013,100001,'123456','夜蓉\r\n','伴你玖玖','女','2000-03-17','人世间有百媚千红 唯独你是我情之所钟',NULL,NULL,'upload/100001/image/profile/100001013.png','重庆','3344808703','Wx10012','19955660013',NULL,NULL),(100001014,100001,'123456','涵柏\r\n','恋过的风景','女','2000-07-07','心里装着小星星生活才能亮晶晶~',NULL,NULL,'upload/100001/image/profile/100001014.png','重庆','3344808704','Wx10013','19955660014',NULL,NULL),(100001015,100001,'123456','水桃\r\n','故事，还未完','女','2001-08-25','初雪是告白的日子',NULL,NULL,'upload/100001/image/profile/100001015.png','重庆','3344808705','Wx10014','19955660015',NULL,NULL),(100001016,100001,'123456','醉蓝\r\n','尘埃未定','女','2002-02-15','我填平了山海，却发现你在云端',NULL,NULL,'upload/100001/image/profile/100001016.png','重庆','3344808706','Wx10015','19955660016',NULL,NULL),(100001017,100001,'123456','语琴\r\n','月夜星空','女','2002-11-30','你有多久没有抬头仰望夜空了',NULL,NULL,'upload/100001/image/profile/100001017.png','重庆','3344808707','Wx10016','19955660017',NULL,NULL),(100001018,100001,'123456','傲晴\r\n','心 宿','男','2001-04-29','细雨不懂思绪愁，凄凄沥沥意无休',NULL,NULL,'upload/100001/image/profile/100001018.png','重庆','3344808708','Wx10017','19955660018',NULL,NULL),(100001019,100001,'123456','语兰','影子','男','2001-06-13','未来已来',NULL,NULL,'upload/100001/image/profile/100001019.png','重庆','3344808709','Wx10018','19955660019',NULL,NULL),(100001020,100001,'123456','碧彤\r\n','远去的山','男','2001-04-27','世界著我之色彩',NULL,NULL,'upload/100001/image/profile/100001020.png','重庆','3344808710','Wx10019','19955660020',NULL,NULL),(100001021,100001,'123456','元霜\r\n','棱棱寒','女',NULL,'棱棱子棱棱寒',NULL,NULL,'upload/100001/image/profile/100001021.png','重庆',NULL,NULL,NULL,NULL,NULL),(100001022,100001,'123456','怜梦\r\n','忽如一梦','男',NULL,'梦里轮回我们几世相遇',NULL,NULL,'upload/100001/image/profile/100001022.png','重庆',NULL,NULL,NULL,NULL,NULL),(100001023,100001,'123456','紫寒\r\n','雪花落','男',NULL,'心存善念，时光定会温柔相待。',NULL,NULL,'upload/100001/image/profile/100001023.png','重庆',NULL,NULL,NULL,NULL,NULL),(100001024,100001,'123456','妙彤\r\n','便是晴天','男',NULL,'人生如戏，个性演绎，每一笔都是我自己。',NULL,NULL,'upload/100001/image/profile/100001024.png','重庆',NULL,NULL,NULL,NULL,NULL),(100001025,100001,'123456','曼易\r\n','没有如果','男',NULL,'剪一米阳光，声声唤醒缠绵的心弦。',NULL,NULL,'upload/100001/image/profile/100001025.png','重庆',NULL,NULL,NULL,NULL,NULL),(100001026,100001,'123456','南莲\r\n','我即是我','男',NULL,'繁华落尽谁许我一世安好',NULL,NULL,'upload/100001/image/profile/100001026.png','重庆',NULL,NULL,NULL,NULL,NULL),(100001027,100001,'123456','紫翠','月亮','男',NULL,'尘世纷扰，吾心浩然。',NULL,NULL,'upload/100001/image/profile/100001027.png','重庆',NULL,NULL,NULL,NULL,NULL),(100001028,100001,'123456','雨寒\r\n','下雨天','男',NULL,'喜欢下雨天',NULL,NULL,'upload/100001/image/profile/100001028.png','重庆',NULL,NULL,NULL,NULL,NULL),(100001029,100001,'123456','易烟\r\n','烟熏了眼','男',NULL,'疾风知劲草，笔下见真章。',NULL,NULL,'upload/100001/image/profile/100001029.png','重庆',NULL,NULL,NULL,NULL,NULL),(100001030,100001,'123456','如萱\r\n','等待','男',NULL,'愿世间美好都如约而至',NULL,NULL,'upload/100001/image/profile/100001030.png','重庆',NULL,NULL,NULL,NULL,NULL),(100001031,100001,'123456','测试',NULL,'女',NULL,'这个人很懒什么都没留下',NULL,NULL,NULL,NULL,NULL,NULL,NULL,NULL,NULL);

/*Table structure for table `yearbook_remark` */

DROP TABLE IF EXISTS `yearbook_remark`;

CREATE TABLE `yearbook_remark` (
  `id` int NOT NULL AUTO_INCREMENT COMMENT '评论ID',
  `classId` int DEFAULT NULL COMMENT '班级ID',
  `classmateId` int DEFAULT NULL COMMENT '发布者ID',
  `topicId` int DEFAULT NULL COMMENT '话题ID',
  `message` varchar(255) DEFAULT NULL COMMENT '评论信息',
  `createTime` datetime DEFAULT NULL COMMENT '评论时间',
  PRIMARY KEY (`id`)
) ENGINE=InnoDB AUTO_INCREMENT=29 DEFAULT CHARSET=utf8mb4 COLLATE=utf8mb4_0900_ai_ci;

/*Data for the table `yearbook_remark` */

insert  into `yearbook_remark`(`id`,`classId`,`classmateId`,`topicId`,`message`,`createTime`) values (2,100001,100001016,1,'明天一定是美好的','2024-04-07 12:15:01'),(3,100001,100001030,1,'昨日已经过去，明日还未到来','2024-04-07 12:16:34'),(4,100001,100001001,1,'我想再一次重申，明天一定是美好的！','2024-04-07 12:40:48'),(5,100001,100001003,1,'让我们一起期待明天吧','2024-04-07 13:47:57'),(6,100001,100001006,1,'夕阳无限好，只是近黄昏','2024-04-07 13:49:34'),(7,100001,100001007,1,'看来还挺热闹的','2024-04-07 14:00:59'),(14,100001,100001019,3,'没有未来的未来不是我想要的未来','2024-04-10 11:32:06'),(15,100001,100001001,3,'我想要有情、有义、有爱的未来','2024-04-11 02:27:45'),(16,100001,100001011,5,'路人女主的养成方法，yyds','2024-04-22 17:49:58'),(17,100001,100001012,5,'虫师，一部奇幻番剧','2024-04-22 17:52:22'),(22,100001,100001005,9,'余华老师的《活着》','2024-04-26 15:52:09'),(23,100001,100001006,9,'莫言《生死疲劳》','2024-04-26 15:56:37'),(24,100001,100001007,9,'《钢铁是怎样炼成的》','2024-04-26 15:56:58'),(25,100001,100001008,9,'歧路灯','2024-04-26 15:57:16'),(28,100001,100001001,9,'围城','2024-04-26 17:32:12');

/*Table structure for table `yearbook_tagboard` */

DROP TABLE IF EXISTS `yearbook_tagboard`;

CREATE TABLE `yearbook_tagboard` (
  `id` int NOT NULL AUTO_INCREMENT COMMENT '留言id',
  `classId` int NOT NULL COMMENT '班级id',
  `classmateId` int NOT NULL COMMENT '创建者id',
  `message` varchar(100) CHARACTER SET utf8mb4 COLLATE utf8mb4_0900_ai_ci NOT NULL COMMENT '留言内容',
  `tagStyle` varchar(10) CHARACTER SET utf8mb4 COLLATE utf8mb4_0900_ai_ci NOT NULL COMMENT '留言纸条样式',
  `createBy` varchar(10) CHARACTER SET utf8mb4 COLLATE utf8mb4_0900_ai_ci NOT NULL COMMENT '创建者',
  `createTime` datetime NOT NULL COMMENT '创建时间',
  PRIMARY KEY (`id`)
) ENGINE=InnoDB AUTO_INCREMENT=51 DEFAULT CHARSET=utf8mb4 COLLATE=utf8mb4_0900_ai_ci;

/*Data for the table `yearbook_tagboard` */

insert  into `yearbook_tagboard`(`id`,`classId`,`classmateId`,`message`,`tagStyle`,`createBy`,`createTime`) values (2,100001,100001002,'愿岁月静好，平安健康常伴左右。','a2','慕青','2023-10-10 10:11:00'),(3,100001,100001003,'明天也会再见','a3','尔岚\r\n','2023-10-12 17:00:00'),(4,100001,100001004,'每个明天都充满希望，每个今天都充满喜悦。','a4','初夏','2023-12-19 20:23:36'),(5,100001,100001005,'我们的未来会像星途大海一样广阔','a5','沛菡\r\n','2023-12-19 20:24:37'),(6,100001,100001006,'每一个努力都能开花结果，不负韶华。','a3','曼文\r\n','2024-03-10 22:02:12'),(7,100001,100001007,'知道吗，花有重开日，人无再少年。','a2','乐菱\r\n','2024-03-13 22:59:38'),(8,100001,100001008,'人一辈子，走走瞧瞧，吃吃喝喝，不生病，就是福气。','a3','惜文\r\n','2024-03-13 23:13:44'),(9,100001,100001009,'我对着日出日落许愿，希望你永远在我身边。','a3','香寒\r\n','2024-03-30 17:23:52'),(35,100001,100001001,'祝愿我们都有美好的未来','a1','之桃','2024-04-11 00:45:55'),(36,100001,100001001,'灼灼其华','a1','之桃','2024-04-22 17:47:10'),(39,100001,100001001,'明天会更好','a1','之桃','2024-04-26 15:20:19');

/*Table structure for table `yearbook_topic` */

DROP TABLE IF EXISTS `yearbook_topic`;

CREATE TABLE `yearbook_topic` (
  `id` int NOT NULL AUTO_INCREMENT COMMENT '话题ID',
  `classId` int DEFAULT NULL COMMENT '班级ID',
  `classmateId` int DEFAULT NULL COMMENT '创建者ID',
  `title` varchar(100) CHARACTER SET utf8mb4 COLLATE utf8mb4_0900_ai_ci DEFAULT NULL COMMENT '标题',
  `subtitle` varchar(100) DEFAULT NULL COMMENT '副标题',
  `type` varchar(10) DEFAULT NULL COMMENT '分类',
  `cover` varchar(100) CHARACTER SET utf8mb4 COLLATE utf8mb4_0900_ai_ci DEFAULT NULL COMMENT '封面',
  `createBy` varchar(100) CHARACTER SET utf8mb4 COLLATE utf8mb4_0900_ai_ci DEFAULT NULL COMMENT '创建者',
  `createTime` datetime DEFAULT NULL COMMENT '创建时间',
  KEY `id` (`id`)
) ENGINE=InnoDB AUTO_INCREMENT=10 DEFAULT CHARSET=utf8mb4 COLLATE=utf8mb4_0900_ai_ci;

/*Data for the table `yearbook_topic` */

insert  into `yearbook_topic`(`id`,`classId`,`classmateId`,`title`,`subtitle`,`type`,`cover`,`createBy`,`createTime`) values (1,100001,100001001,'明天会更好吗','明天值得期待','生活','upload/100001/image/topic/1000010011709382781.png','之桃\r\n','2024-03-02 20:33:01'),(2,100001,100001002,'你最喜欢的歌曲','经典、流行、嘻哈、民谣','娱乐','upload/100001/image/topic/1000010021709555828.png','慕青','2024-03-04 20:37:08'),(3,100001,100001003,'你喜欢怎样的未来','描述一下你想要的未来','生活','upload/100001/image/topic/1000010031712290081.gif','尔岚\r\n','2024-04-05 12:08:01'),(4,100001,100001004,'你眼中的李白是什么样子的？','快来讨论一下你眼中的诗仙吧','学习','upload/100001/image/topic/1000010041712384205.jpg','初夏','2024-04-06 14:16:45'),(5,100001,100001005,'你最喜欢的动漫','热血的、奇幻的、恋爱的','娱乐','upload/100001/image/topic/1000010051712385027.jpg','沛菡\r\n','2024-04-06 14:30:27'),(6,100001,100001012,'天底下你觉得最好吃的东西','要我说麻婆豆腐，当属一绝','生活','upload/100001/image/topic/1000010121713779916227.png','海安\r\n','2024-04-22 17:58:36'),(9,100001,100001001,'令你印象深刻的文学作品','快来讨论吧','学习','upload/100001/image/topic/1000010011714117900904.jpg','之桃','2024-04-26 15:51:41');

/*!40101 SET SQL_MODE=@OLD_SQL_MODE */;
/*!40014 SET FOREIGN_KEY_CHECKS=@OLD_FOREIGN_KEY_CHECKS */;
/*!40014 SET UNIQUE_CHECKS=@OLD_UNIQUE_CHECKS */;
/*!40111 SET SQL_NOTES=@OLD_SQL_NOTES */;
